Date,Open,High,Low,Close,Forecast
1982-03-28,1.2259,1.2259,1.2259,1.2259,0
1982-04-04,1.2316,1.2316,1.2316,1.2316,0
1982-04-11,1.2207,1.2207,1.2207,1.2207,0
1982-04-18,1.2242,1.2242,1.2242,1.2242,0
1982-04-25,1.2197,1.2197,1.2197,1.2197,0
1982-05-02,1.2231,1.2231,1.2231,1.2231,0
1982-05-09,1.2375,1.2375,1.2375,1.2375,0
1982-05-16,1.2355,1.2355,1.2355,1.2355,0
1982-05-23,1.244,1.244,1.244,1.244,0
1982-05-30,1.2499,1.2499,1.2499,1.2499,0
1982-06-06,1.2619,1.2619,1.2619,1.2619,0
1982-06-13,1.294,1.294,1.294,1.294,0
1982-06-20,1.2874,1.2874,1.2874,1.2874,0
1982-06-27,1.2875,1.2875,1.2875,1.2875,0
1982-07-04,1.2792,1.2792,1.2792,1.2792,0
1982-07-11,1.2637,1.2637,1.2637,1.2637,0
1982-07-18,1.2565,1.2565,1.2565,1.2565,0
1982-07-25,1.2556,1.2556,1.2556,1.2556,0
1982-08-01,1.2482,1.2482,1.2482,1.2482,0
1982-08-08,1.252,1.252,1.252,1.252,0
1982-08-15,1.2355,1.2355,1.2355,1.2355,0
1982-08-22,1.2398,1.2398,1.2398,1.2398,0
1982-08-29,1.24,1.24,1.24,1.24,0
1982-09-05,1.2385,1.2385,1.2385,1.2385,-1
1982-09-12,1.234,1.234,1.234,1.234,-1
1982-09-19,1.2324,1.2324,1.2324,1.2324,-1
1982-09-26,1.2353,1.2353,1.2353,1.2353,0
1982-10-03,1.2328,1.2328,1.2328,1.2328,-1
1982-10-10,1.23,1.23,1.23,1.23,-1
1982-10-17,1.2262,1.2262,1.2262,1.2262,-1
1982-10-24,1.2261,1.2261,1.2261,1.2261,-1
1982-10-31,1.223,1.223,1.223,1.223,-1
1982-11-07,1.2234,1.2234,1.2234,1.2234,0
1982-11-14,1.2211,1.2211,1.2211,1.2211,-1
1982-11-21,1.2382,1.2382,1.2382,1.2382,0
1982-11-28,1.2359,1.2359,1.2359,1.2359,0
1982-12-05,1.235,1.235,1.235,1.235,0
1982-12-12,1.237,1.237,1.237,1.237,0
1982-12-19,1.2408,1.2408,1.2408,1.2408,0
1982-12-26,1.2297,1.2297,1.2297,1.2297,0
1983-01-02,1.2267,1.2267,1.2267,1.2267,0
1983-01-09,1.2224,1.2224,1.2224,1.2224,0
1983-01-16,1.2283,1.2283,1.2283,1.2283,0
1983-01-23,1.236,1.236,1.236,1.236,0
1983-01-30,1.2285,1.2285,1.2285,1.2285,0
1983-02-06,1.2252,1.2252,1.2252,1.2252,-1
1983-02-13,1.2247,1.2247,1.2247,1.2247,-1
1983-02-20,1.2282,1.2282,1.2282,1.2282,0
1983-02-27,1.2232,1.2232,1.2232,1.2232,-1
1983-03-06,1.2265,1.2265,1.2265,1.2265,0
1983-03-13,1.2258,1.2258,1.2258,1.2258,-1
1983-03-20,1.2272,1.2272,1.2272,1.2272,0
1983-03-27,1.2341,1.2341,1.2341,1.2341,0
1983-04-03,1.2352,1.2352,1.2352,1.2352,0
1983-04-10,1.233,1.233,1.233,1.233,0
1983-04-17,1.227,1.227,1.227,1.227,0
1983-04-24,1.2262,1.2262,1.2262,1.2262,0
1983-05-01,1.227,1.227,1.227,1.227,0
1983-05-08,1.2271,1.2271,1.2271,1.2271,0
1983-05-15,1.2335,1.2335,1.2335,1.2335,0
1983-05-22,1.2306,1.2306,1.2306,1.2306,0
1983-05-29,1.2323,1.2323,1.2323,1.2323,0
1983-06-05,1.2339,1.2339,1.2339,1.2339,0
1983-06-12,1.232,1.232,1.232,1.232,0
1983-06-19,1.2325,1.2325,1.2325,1.2325,0
1983-06-26,1.227,1.227,1.227,1.227,0
1983-07-03,1.2313,1.2313,1.2313,1.2313,0
1983-07-10,1.2341,1.2341,1.2341,1.2341,0
1983-07-17,1.2343,1.2343,1.2343,1.2343,0
1983-07-24,1.234,1.234,1.234,1.234,0
1983-07-31,1.2362,1.2362,1.2362,1.2362,0
1983-08-07,1.2372,1.2372,1.2372,1.2372,0
1983-08-14,1.234,1.234,1.234,1.234,0
1983-08-21,1.2305,1.2305,1.2305,1.2305,0
1983-08-28,1.2329,1.2329,1.2329,1.2329,0
1983-09-04,1.2317,1.2317,1.2317,1.2317,0
1983-09-11,1.2338,1.2338,1.2338,1.2338,0
1983-09-18,1.2319,1.2319,1.2319,1.2319,0
1983-09-25,1.2323,1.2323,1.2323,1.2323,0
1983-10-02,1.2299,1.2299,1.2299,1.2299,-1
1983-10-09,1.2329,1.2329,1.2329,1.2329,0
1983-10-16,1.2312,1.2312,1.2312,1.2312,-1
1983-10-23,1.2325,1.2325,1.2325,1.2325,0
1983-10-30,1.2344,1.2344,1.2344,1.2344,0
1983-11-06,1.2347,1.2347,1.2347,1.2347,0
1983-11-13,1.2381,1.2381,1.2381,1.2381,0
1983-11-20,1.2401,1.2401,1.2401,1.2401,0
1983-11-27,1.2444,1.2444,1.2444,1.2444,0
1983-12-04,1.2492,1.2492,1.2492,1.2492,0
1983-12-11,1.2511,1.2511,1.2511,1.2511,0
1983-12-18,1.246,1.246,1.246,1.246,0
1983-12-25,1.2445,1.2445,1.2445,1.2445,0
1984-01-01,1.2497,1.2497,1.2497,1.2497,0
1984-01-08,1.2473,1.2473,1.2473,1.2473,0
1984-01-15,1.2472,1.2472,1.2472,1.2472,0
1984-01-22,1.2482,1.2482,1.2482,1.2482,0
1984-01-29,1.2464,1.2464,1.2464,1.2464,0
1984-02-05,1.2463,1.2463,1.2463,1.2463,0
1984-02-12,1.2476,1.2476,1.2476,1.2476,0
1984-02-19,1.2502,1.2502,1.2502,1.2502,0
1984-02-26,1.2511,1.2511,1.2511,1.2511,0
1984-03-04,1.2712,1.2712,1.2712,1.2712,0
1984-03-11,1.2697,1.2697,1.2697,1.2697,0
1984-03-18,1.2773,1.2773,1.2773,1.2773,0
1984-03-25,1.2776,1.2776,1.2776,1.2776,0
1984-04-01,1.2791,1.2791,1.2791,1.2791,0
1984-04-08,1.2787,1.2787,1.2787,1.2787,0
1984-04-15,1.2809,1.2809,1.2809,1.2809,0
1984-04-22,1.281,1.281,1.281,1.281,0
1984-04-29,1.2917,1.2917,1.2917,1.2917,0
1984-05-06,1.2942,1.2942,1.2942,1.2942,0
1984-05-13,1.2956,1.2956,1.2956,1.2956,0
1984-05-20,1.2948,1.2948,1.2948,1.2948,0
1984-05-27,1.294,1.294,1.294,1.294,0
1984-06-03,1.3009,1.3009,1.3009,1.3009,0
1984-06-10,1.3,1.3,1.3,1.3,0
1984-06-17,1.3076,1.3076,1.3076,1.3076,0
1984-06-24,1.3199,1.3199,1.3199,1.3199,0
1984-07-01,1.3265,1.3265,1.3265,1.3265,0
1984-07-08,1.3273,1.3273,1.3273,1.3273,0
1984-07-15,1.3278,1.3278,1.3278,1.3278,0
1984-07-22,1.3146,1.3146,1.3146,1.3146,0
1984-07-29,1.3073,1.3073,1.3073,1.3073,0
1984-08-05,1.3081,1.3081,1.3081,1.3081,0
1984-08-12,1.3045,1.3045,1.3045,1.3045,0
1984-08-19,1.2976,1.2976,1.2976,1.2976,0
1984-08-26,1.2974,1.2974,1.2974,1.2974,-1
1984-09-02,1.3155,1.3155,1.3155,1.3155,0
1984-09-09,1.3142,1.3142,1.3142,1.3142,0
1984-09-16,1.3166,1.3166,1.3166,1.3166,0
1984-09-23,1.3183,1.3183,1.3183,1.3183,0
1984-09-30,1.3187,1.3187,1.3187,1.3187,0
1984-10-07,1.3195,1.3195,1.3195,1.3195,0
1984-10-14,1.3228,1.3228,1.3228,1.3228,0
1984-10-21,1.318,1.318,1.318,1.318,0
1984-10-28,1.312,1.312,1.312,1.312,0
1984-11-04,1.3163,1.3163,1.3163,1.3163,0
1984-11-11,1.3153,1.3153,1.3153,1.3153,0
1984-11-18,1.3178,1.3178,1.3178,1.3178,0
1984-11-25,1.3242,1.3242,1.3242,1.3242,0
1984-12-02,1.3211,1.3211,1.3211,1.3211,0
1984-12-09,1.3207,1.3207,1.3207,1.3207,0
1984-12-16,1.3158,1.3158,1.3158,1.3158,0
1984-12-23,1.3207,1.3207,1.3207,1.3207,0
1984-12-30,1.3209,1.3209,1.3209,1.3209,0
1985-01-06,1.3214,1.3214,1.3214,1.3214,0
1985-01-13,1.3273,1.3273,1.3273,1.3273,0
1985-01-20,1.3249,1.3249,1.3249,1.3249,0
1985-01-27,1.3279,1.3279,1.3279,1.3279,0
1985-02-03,1.336,1.336,1.336,1.336,0
1985-02-10,1.3398,1.3398,1.3398,1.3398,0
1985-02-17,1.3875,1.3875,1.3875,1.3875,0
1985-02-24,1.3885,1.3885,1.3885,1.3885,0
1985-03-03,1.4004,1.4004,1.4004,1.4004,0
1985-03-10,1.3875,1.3875,1.3875,1.3875,0
1985-03-17,1.3775,1.3775,1.3775,1.3775,0
1985-03-24,1.3675,1.3675,1.3675,1.3675,0
1985-03-31,1.3745,1.3745,1.3745,1.3745,0
1985-04-07,1.3645,1.3645,1.3645,1.3645,0
1985-04-14,1.3509,1.3509,1.3509,1.3509,0
1985-04-21,1.366,1.366,1.366,1.366,0
1985-04-28,1.3815,1.3815,1.3815,1.3815,0
1985-05-05,1.3772,1.3772,1.3772,1.3772,0
1985-05-12,1.3717,1.3717,1.3717,1.3717,0
1985-05-19,1.3759,1.3759,1.3759,1.3759,0
1985-05-26,1.3745,1.3745,1.3745,1.3745,0
1985-06-02,1.372,1.372,1.372,1.372,0
1985-06-09,1.3678,1.3678,1.3678,1.3678,0
1985-06-16,1.3662,1.3662,1.3662,1.3662,-1
1985-06-23,1.3592,1.3592,1.3592,1.3592,0
1985-06-30,1.3575,1.3575,1.3575,1.3575,0
1985-07-07,1.3525,1.3525,1.3525,1.3525,-1
1985-07-14,1.3481,1.3481,1.3481,1.3481,-1
1985-07-21,1.3522,1.3522,1.3522,1.3522,0
1985-07-28,1.3523,1.3523,1.3523,1.3523,0
1985-08-04,1.361,1.361,1.361,1.361,0
1985-08-11,1.3537,1.3537,1.3537,1.3537,0
1985-08-18,1.3547,1.3547,1.3547,1.3547,0
1985-08-25,1.3659,1.3659,1.3659,1.3659,0
1985-09-01,1.3702,1.3702,1.3702,1.3702,0
1985-09-08,1.3726,1.3726,1.3726,1.3726,0
1985-09-15,1.3579,1.3579,1.3579,1.3579,0
1985-09-22,1.3643,1.3643,1.3643,1.3643,0
1985-09-29,1.3675,1.3675,1.3675,1.3675,0
1985-10-06,1.3674,1.3674,1.3674,1.3674,0
1985-10-13,1.3651,1.3651,1.3651,1.3651,0
1985-10-20,1.3672,1.3672,1.3672,1.3672,0
1985-10-27,1.367,1.367,1.367,1.367,0
1985-11-03,1.3769,1.3769,1.3769,1.3769,0
1985-11-10,1.3769,1.3769,1.3769,1.3769,0
1985-11-17,1.3758,1.3758,1.3758,1.3758,0
1985-11-24,1.384,1.384,1.384,1.384,0
1985-12-01,1.3957,1.3957,1.3957,1.3957,0
1985-12-08,1.3905,1.3905,1.3905,1.3905,0
1985-12-15,1.3962,1.3962,1.3962,1.3962,0
1985-12-22,1.4,1.4,1.4,1.4,0
1985-12-29,1.4031,1.4031,1.4031,1.4031,0
1986-01-05,1.3937,1.3937,1.3937,1.3937,0
1986-01-12,1.4006,1.4006,1.4006,1.4006,0
1986-01-19,1.413,1.413,1.413,1.413,0
1986-01-26,1.423,1.423,1.423,1.423,0
1986-02-02,1.4052,1.4052,1.4052,1.4052,0
1986-02-09,1.3969,1.3969,1.3969,1.3969,0
1986-02-16,1.3885,1.3885,1.3885,1.3885,0
1986-02-23,1.4205,1.4205,1.4205,1.4205,0
1986-03-02,1.4055,1.4055,1.4055,1.4055,0
1986-03-09,1.3895,1.3895,1.3895,1.3895,0
1986-03-16,1.3978,1.3978,1.3978,1.3978,0
1986-03-23,1.3969,1.3969,1.3969,1.3969,0
1986-03-30,1.3898,1.3898,1.3898,1.3898,-1
1986-04-06,1.3903,1.3903,1.3903,1.3903,0
1986-04-13,1.3859,1.3859,1.3859,1.3859,-1
1986-04-20,1.3839,1.3839,1.3839,1.3839,-1
1986-04-27,1.3795,1.3788,1.3751,1.3795,-1
1986-05-04,1.3788,1.382,1.3751,1.3788,0
1986-05-11,1.3756,1.38,1.3731,1.3756,-1
1986-05-18,1.368,1.3768,1.3629,1.368,-1
1986-05-25,1.3852,1.3872,1.37,1.3852,0
1986-06-01,1.3928,1.3968,1.3858,1.3928,0
1986-06-08,1.385,1.3925,1.3815,1.385,0
1986-06-15,1.3865,1.395,1.385,1.3865,0
1986-06-22,1.3865,1.3928,1.3838,1.3865,0
1986-06-29,1.3788,1.3826,1.3742,1.3788,0
1986-07-06,1.376,1.3813,1.3725,1.376,-1
1986-07-13,1.3745,1.3776,1.371,1.3745,-1
1986-07-20,1.3877,1.3911,1.3759,1.3877,0
1986-07-27,1.3823,1.3885,1.3772,1.3823,0
1986-08-03,1.385,1.3855,1.3785,1.385,0
1986-08-10,1.3933,1.3937,1.3835,1.3933,0
1986-08-17,1.3909,1.3961,1.3865,1.3909,0
1986-08-24,1.3858,1.3971,1.384,1.3858,0
1986-08-31,1.3845,1.3883,1.3822,1.3845,0
1986-09-07,1.3855,1.3876,1.379,1.3855,0
1986-09-14,1.3863,1.3925,1.3827,1.3863,0
1986-09-21,1.3864,1.3918,1.3815,1.3864,0
1986-09-28,1.3828,1.3887,1.381,1.3828,0
1986-10-05,1.3854,1.386,1.3804,1.3854,0
1986-10-12,1.3894,1.3905,1.3807,1.3894,0
1986-10-19,1.386,1.3911,1.3837,1.386,0
1986-10-26,1.3894,1.3902,1.3837,1.3894,0
1986-11-02,1.3859,1.3888,1.3843,1.3859,0
1986-11-09,1.3827,1.3868,1.3804,1.3827,0
1986-11-16,1.3832,1.3845,1.3795,1.3832,-1
1986-11-23,1.3799,1.3843,1.3787,1.3799,-1
1986-11-30,1.3754,1.382,1.3752,1.3754,-1
1986-12-07,1.3766,1.3782,1.3723,1.3766,-1
1986-12-14,1.3748,1.3782,1.3732,1.3748,-1
1986-12-21,1.3787,1.3787,1.3723,1.3787,0
1986-12-28,1.3785,1.3808,1.3743,1.3785,0
1987-01-04,1.3694,1.3773,1.3669,1.3694,-1
1987-01-11,1.362,1.3688,1.3609,1.362,-1
1987-01-18,1.3585,1.361,1.356,1.3585,-1
1987-01-25,1.3402,1.3567,1.3354,1.3402,-1
1987-02-01,1.3351,1.3398,1.3246,1.3351,-1
1987-02-08,1.3429,1.346,1.3322,1.3429,0
1987-02-15,1.3296,1.34,1.327,1.3296,-1
1987-02-22,1.332,1.335,1.3283,1.332,-1
1987-03-01,1.3322,1.3367,1.3303,1.3322,0
1987-03-08,1.3216,1.3369,1.3164,1.3216,-1
1987-03-15,1.3074,1.3189,1.3074,1.3074,-1
1987-03-22,1.3034,1.3134,1.3016,1.3034,-1
1987-03-29,1.3071,1.3134,1.3016,1.3071,0
1987-04-05,1.3031,1.3098,1.2994,1.3031,-1
1987-04-12,1.3195,1.3249,1.3012,1.3195,0
1987-04-19,1.3398,1.3419,1.3135,1.3398,0
1987-04-26,1.3398,1.3425,1.3319,1.3398,0
1987-05-03,1.3349,1.3469,1.333,1.3349,0
1987-05-10,1.3399,1.3414,1.332,1.3399,0
1987-05-17,1.348,1.3499,1.3384,1.348,0
1987-05-24,1.3375,1.3483,1.3369,1.3375,0
1987-05-31,1.341,1.3455,1.3365,1.341,0
1987-06-07,1.3397,1.3449,1.3357,1.3397,0
1987-06-14,1.339,1.3429,1.3372,1.339,0
1987-06-21,1.3324,1.3386,1.3268,1.3324,0
1987-06-28,1.3264,1.3346,1.3249,1.3264,0
1987-07-05,1.3208,1.3283,1.3194,1.3208,-1
1987-07-12,1.3179,1.3246,1.3164,1.3179,-1
1987-07-19,1.336,1.339,1.3164,1.336,0
1987-07-26,1.3269,1.3382,1.3255,1.3269,0
1987-08-02,1.3249,1.3276,1.3205,1.3249,-1
1987-08-09,1.3293,1.333,1.3249,1.3293,0
1987-08-16,1.323,1.3324,1.3216,1.323,-1
1987-08-23,1.3183,1.3255,1.315,1.3183,-1
1987-08-30,1.3116,1.3207,1.3113,1.3116,-1
1987-09-06,1.3185,1.324,1.3105,1.3185,0
1987-09-13,1.3149,1.3212,1.3125,1.3149,-1
1987-09-20,1.3125,1.3219,1.3109,1.3125,-1
1987-09-27,1.3088,1.3131,1.3047,1.3088,-1
1987-10-04,1.3059,1.3097,1.3029,1.3059,-1
1987-10-11,1.2963,1.3068,1.2959,1.2963,-1
1987-10-18,1.31,1.3219,1.2937,1.31,0
1987-10-25,1.3149,1.3215,1.3106,1.3149,0
1987-11-01,1.3201,1.3312,1.3125,1.3201,0
1987-11-08,1.3179,1.3222,1.3149,1.3179,0
1987-11-15,1.313,1.3179,1.3095,1.313,0
1987-11-22,1.3083,1.3161,1.307,1.3083,0
1987-11-29,1.3119,1.3147,1.3059,1.3119,0
1987-12-06,1.3059,1.3122,1.3019,1.3059,0
1987-12-13,1.3075,1.3119,1.3043,1.3075,0
1987-12-20,1.3025,1.3077,1.3004,1.3025,0
1987-12-27,1.2984,1.3059,1.298,1.2984,0
1988-01-03,1.2878,1.3005,1.2829,1.2878,-1
1988-01-10,1.2885,1.2935,1.283,1.2885,-1
1988-01-17,1.2793,1.2894,1.2782,1.2793,-1
1988-01-24,1.2741,1.282,1.2733,1.2741,-1
1988-01-31,1.2683,1.2779,1.2658,1.2683,-1
1988-02-07,1.2645,1.2726,1.2623,1.2645,-1
1988-02-14,1.2733,1.274,1.2639,1.2733,0
1988-02-21,1.2639,1.2745,1.2609,1.2639,-1
1988-02-28,1.2537,1.2645,1.2524,1.2537,-1
1988-03-06,1.257,1.2607,1.2514,1.257,0
1988-03-13,1.2486,1.2593,1.248,1.2486,-1
1988-03-20,1.2421,1.2506,1.2401,1.2421,-1
1988-03-27,1.2344,1.2434,1.2327,1.2344,-1
1988-04-03,1.2461,1.2494,1.233,1.2461,0
1988-04-10,1.2322,1.2462,1.2313,1.2322,-1
1988-04-17,1.2325,1.2366,1.2265,1.2325,-1
1988-04-24,1.23,1.2355,1.2254,1.23,-1
1988-05-01,1.2374,1.2382,1.228,1.2374,0
1988-05-08,1.2324,1.2412,1.2284,1.2324,-1
1988-05-15,1.2428,1.2464,1.2307,1.2428,0
1988-05-22,1.2387,1.245,1.2347,1.2387,0
1988-05-29,1.2321,1.2399,1.2283,1.2321,0
1988-06-05,1.2195,1.2332,1.2159,1.2195,-1
1988-06-12,1.2131,1.2292,1.2099,1.2131,-1
1988-06-19,1.204,1.2199,1.1999,1.204,-1
1988-06-26,1.2199,1.2229,1.2029,1.2199,0
1988-07-03,1.2092,1.2242,1.2029,1.2092,-1
1988-07-10,1.2105,1.2199,1.1999,1.2105,-1
1988-07-17,1.2007,1.2115,1.1933,1.2007,-1
1988-07-24,1.2107,1.2184,1.1999,1.2107,0
1988-07-31,1.2072,1.2111,1.2005,1.2072,-1
1988-08-07,1.2188,1.2291,1.2064,1.2188,0
1988-08-14,1.2294,1.2397,1.2183,1.2294,0
1988-08-21,1.2381,1.2393,1.2264,1.2381,0
1988-08-28,1.2348,1.2409,1.2347,1.2348,0
1988-09-04,1.2393,1.2404,1.2325,1.2393,0
1988-09-11,1.2234,1.2393,1.2199,1.2234,0
1988-09-18,1.2225,1.2235,1.2133,1.2225,0
1988-09-25,1.2161,1.2233,1.2137,1.2161,0
1988-10-02,1.2079,1.2174,1.2047,1.2079,0
1988-10-09,1.2047,1.2168,1.2,1.2047,-1
1988-10-16,1.1988,1.2057,1.1972,1.1988,-1
1988-10-23,1.2036,1.2047,1.1951,1.2036,0
1988-10-30,1.2251,1.2293,1.2068,1.2251,0
1988-11-06,1.2213,1.2375,1.2183,1.2213,0
1988-11-13,1.2293,1.2397,1.2213,1.2293,0
1988-11-20,1.1909,1.2199,1.1869,1.1909,0
1988-11-27,1.1854,1.1963,1.1838,1.1854,-1
1988-12-04,1.1958,1.2039,1.1818,1.1958,0
1988-12-11,1.2031,1.2098,1.1899,1.2031,0
1988-12-18,1.1961,1.2029,1.1919,1.1961,-1
1988-12-25,1.1914,1.1979,1.1899,1.1914,-1
1989-01-01,1.1964,1.1971,1.1864,1.1964,0
1989-01-08,1.1974,1.2039,1.1939,1.1974,0
1989-01-15,1.189,1.2,1.1799,1.189,-1
1989-01-22,1.1827,1.1899,1.18,1.1827,-1
1989-01-29,1.1839,1.1939,1.18,1.1839,-1
1989-02-05,1.1856,1.1877,1.18,1.1856,-1
1989-02-12,1.1889,1.1922,1.1779,1.1889,0
1989-02-19,1.1969,1.1999,1.1834,1.1969,0
1989-02-26,1.1952,1.2034,1.1919,1.1952,0
1989-03-05,1.1987,1.2021,1.1899,1.1987,0
1989-03-12,1.1953,1.1987,1.1926,1.1953,0
1989-03-19,1.1914,1.1971,1.1866,1.1914,0
1989-03-26,1.192,1.1958,1.1897,1.192,0
1989-04-02,1.1924,1.195,1.1853,1.1924,0
1989-04-09,1.1849,1.1931,1.1841,1.1849,0
1989-04-16,1.1865,1.1878,1.1825,1.1865,0
1989-04-23,1.1849,1.1991,1.1814,1.1849,0
1989-04-30,1.1836,1.1882,1.1794,1.1836,-1
1989-05-07,1.1884,1.1898,1.1825,1.1884,0
1989-05-14,1.1909,1.1944,1.1859,1.1909,0
1989-05-21,1.2011,1.219,1.1909,1.2011,0
1989-05-28,1.205,1.2099,1.2002,1.205,0
1989-06-04,1.2011,1.2099,1.1945,1.2011,0
1989-06-11,1.1969,1.2093,1.1935,1.1969,0
1989-06-18,1.1943,1.2092,1.1884,1.1943,0
1989-06-25,1.1964,1.199,1.1925,1.1964,0
1989-07-02,1.1902,1.198,1.1884,1.1902,0
1989-07-09,1.1916,1.1982,1.1865,1.1916,0
1989-07-16,1.1877,1.1925,1.1855,1.1877,0
1989-07-23,1.1828,1.189,1.182,1.1828,-1
1989-07-30,1.1782,1.1832,1.1704,1.1782,-1
1989-08-06,1.1746,1.1785,1.1685,1.1746,-1
1989-08-13,1.177,1.1837,1.1704,1.177,0
1989-08-20,1.1745,1.1778,1.1716,1.1745,-1
1989-08-27,1.1814,1.1822,1.17,1.1814,0
1989-09-03,1.1884,1.1902,1.1782,1.1884,0
1989-09-10,1.1839,1.1895,1.18,1.1839,0
1989-09-17,1.1802,1.1862,1.1797,1.1802,0
1989-09-24,1.1769,1.1811,1.171,1.1769,-1
1989-10-01,1.175,1.1785,1.1722,1.175,-1
1989-10-08,1.1753,1.1774,1.1715,1.1753,0
1989-10-15,1.1738,1.1784,1.1721,1.1738,-1
1989-10-22,1.1747,1.1774,1.1696,1.1747,-1
1989-10-29,1.1722,1.1762,1.1713,1.1722,-1
1989-11-05,1.1694,1.173,1.1656,1.1694,-1
1989-11-12,1.1696,1.1742,1.1652,1.1696,0
1989-11-19,1.1671,1.173,1.1652,1.1671,-1
1989-11-26,1.1648,1.1684,1.1629,1.1648,-1
1989-12-03,1.162,1.1656,1.1599,1.162,-1
1989-12-10,1.1608,1.1654,1.1585,1.1608,-1
1989-12-17,1.1595,1.1627,1.1572,1.1595,-1
1989-12-24,1.1583,1.1603,1.1558,1.1583,-1
1989-12-31,1.1608,1.165,1.1572,1.1608,0
1990-01-07,1.1572,1.1625,1.1544,1.1572,-1
1990-01-14,1.1835,1.1854,1.1562,1.1835,0
1990-01-21,1.1957,1.1974,1.1755,1.1957,0
1990-01-28,1.1892,1.1959,1.1837,1.1892,0
1990-02-04,1.202,1.2027,1.1856,1.202,0
1990-02-11,1.2008,1.2094,1.1967,1.2008,0
1990-02-18,1.1986,1.2027,1.1927,1.1986,0
1990-02-25,1.1925,1.1996,1.1878,1.1925,0
1990-03-04,1.1803,1.1933,1.1757,1.1803,0
1990-03-11,1.1833,1.1839,1.1713,1.1833,0
1990-03-18,1.1753,1.1862,1.1745,1.1753,0
1990-03-25,1.1698,1.1791,1.1694,1.1698,0
1990-04-01,1.1643,1.1718,1.1628,1.1643,-1
1990-04-08,1.1645,1.1678,1.159,1.1645,-1
1990-04-15,1.1632,1.1712,1.1605,1.1632,-1
1990-04-22,1.1637,1.1662,1.1582,1.1637,-1
1990-04-29,1.1627,1.1684,1.1622,1.1627,0
1990-05-06,1.1761,1.1797,1.1612,1.1761,0
1990-05-13,1.1801,1.1833,1.1721,1.1801,0
1990-05-20,1.1829,1.1936,1.1747,1.1829,0
1990-05-27,1.1753,1.1852,1.1707,1.1753,0
1990-06-03,1.1738,1.178,1.1671,1.1738,0
1990-06-10,1.1715,1.1742,1.1671,1.1715,0
1990-06-17,1.1784,1.1825,1.1703,1.1784,0
1990-06-24,1.1633,1.1772,1.1603,1.1633,0
1990-07-01,1.1616,1.166,1.1604,1.1616,0
1990-07-08,1.1576,1.1635,1.1555,1.1576,-1
1990-07-15,1.1555,1.161,1.1513,1.1555,-1
1990-07-22,1.1526,1.158,1.1502,1.1526,-1
1990-07-29,1.1504,1.1553,1.1502,1.1504,-1
1990-08-05,1.1469,1.1521,1.1462,1.1469,-1
1990-08-12,1.1439,1.1496,1.1422,1.1439,-1
1990-08-19,1.1286,1.145,1.1271,1.1286,-1
1990-08-26,1.1566,1.1585,1.1326,1.1566,0
1990-09-02,1.1631,1.1663,1.1498,1.1631,0
1990-09-09,1.1645,1.1715,1.159,1.1645,0
1990-09-16,1.1528,1.1646,1.1522,1.1528,0
1990-09-23,1.1553,1.1584,1.1473,1.1553,0
1990-09-30,1.153,1.1572,1.1481,1.153,0
1990-10-07,1.1467,1.1542,1.1448,1.1467,0
1990-10-14,1.1724,1.1798,1.1461,1.1724,0
1990-10-21,1.1643,1.1773,1.1633,1.1643,0
1990-10-28,1.1648,1.1713,1.1627,1.1648,0
1990-11-04,1.1682,1.1708,1.1553,1.1682,0
1990-11-11,1.1635,1.1683,1.1604,1.1635,0
1990-11-18,1.1599,1.1683,1.1568,1.1599,0
1990-11-25,1.165,1.1683,1.1584,1.165,0
1990-12-02,1.1583,1.1667,1.1568,1.1583,0
1990-12-09,1.1583,1.1618,1.1553,1.1583,0
1990-12-16,1.1599,1.1627,1.1542,1.1599,0
1990-12-23,1.1597,1.1631,1.1582,1.1597,0
1990-12-30,1.1515,1.1618,1.1505,1.1515,-1
1991-01-06,1.1522,1.1571,1.1502,1.1522,-1
1991-01-13,1.1589,1.161,1.1462,1.1589,0
1991-01-20,1.1643,1.1665,1.1557,1.1643,0
1991-01-27,1.1597,1.165,1.1568,1.1597,0
1991-02-03,1.1582,1.1611,1.1562,1.1582,0
1991-02-10,1.153,1.1587,1.1517,1.153,-1
1991-02-17,1.1524,1.155,1.149,1.1524,-1
1991-02-24,1.1522,1.1546,1.1486,1.1522,0
1991-03-03,1.1618,1.1641,1.1523,1.1618,0
1991-03-10,1.1559,1.1635,1.1515,1.1559,0
1991-03-17,1.158,1.1597,1.1528,1.158,0
1991-03-24,1.1587,1.1627,1.1566,1.1587,0
1991-03-31,1.1542,1.1595,1.1532,1.1542,0
1991-04-07,1.1511,1.1549,1.1488,1.1511,-1
1991-04-14,1.1551,1.1555,1.1473,1.1551,0
1991-04-21,1.1522,1.1601,1.1502,1.1522,-1
1991-04-28,1.1511,1.1547,1.1482,1.1511,-1
1991-05-05,1.1511,1.1538,1.1496,1.1511,-1
1991-05-12,1.1494,1.1521,1.1481,1.1494,-1
1991-05-19,1.1496,1.1536,1.1477,1.1496,-1
1991-05-26,1.1446,1.1498,1.1427,1.1446,-1
1991-06-02,1.1477,1.149,1.1433,1.1477,0
1991-06-09,1.1431,1.1502,1.1425,1.1431,-1
1991-06-16,1.1435,1.1441,1.141,1.1435,-1
1991-06-23,1.1416,1.1448,1.141,1.1416,-1
1991-06-30,1.1431,1.1456,1.1408,1.1431,0
1991-07-07,1.1484,1.15,1.1435,1.1484,0
1991-07-14,1.1587,1.1635,1.1442,1.1587,0
1991-07-21,1.1492,1.1603,1.1477,1.1492,0
1991-07-28,1.1502,1.1535,1.1478,1.1502,0
1991-08-04,1.1467,1.1502,1.1454,1.1467,0
1991-08-11,1.1446,1.1473,1.1427,1.1446,0
1991-08-18,1.1446,1.1471,1.1402,1.1446,-1
1991-08-25,1.1416,1.1462,1.1393,1.1416,0
1991-09-01,1.1393,1.1427,1.1387,1.1393,-1
1991-09-08,1.1357,1.1408,1.1353,1.1357,-1
1991-09-15,1.1345,1.138,1.134,1.1345,-1
1991-09-22,1.1335,1.1369,1.133,1.1335,-1
1991-09-29,1.1313,1.1334,1.13,1.1313,-1
1991-10-06,1.1286,1.1313,1.1277,1.1286,-1
1991-10-13,1.1271,1.1322,1.1265,1.1271,-1
1991-10-20,1.126,1.1288,1.1247,1.126,-1
1991-10-27,1.12,1.1267,1.1194,1.12,-1
1991-11-03,1.1309,1.1321,1.1191,1.1309,0
1991-11-10,1.1298,1.1378,1.1206,1.1298,0
1991-11-17,1.1389,1.1397,1.1267,1.1389,0
1991-11-24,1.1342,1.1405,1.1333,1.1342,0
1991-12-01,1.1364,1.1401,1.1322,1.1364,0
1991-12-08,1.1427,1.1448,1.1338,1.1427,0
1991-12-15,1.1553,1.1595,1.1412,1.1553,0
1991-12-22,1.1604,1.1618,1.1544,1.1604,0
1991-12-29,1.1467,1.1606,1.1462,1.1467,0
1992-01-05,1.1547,1.1562,1.1401,1.1547,0
1992-01-12,1.1503,1.1589,1.1458,1.1503,0
1992-01-19,1.1703,1.1704,1.1486,1.1703,0
1992-01-26,1.1747,1.1787,1.1681,1.1747,0
1992-02-02,1.1776,1.1854,1.1723,1.1776,0
1992-02-09,1.1873,1.1883,1.174,1.1873,0
1992-02-16,1.1869,1.1923,1.1814,1.1869,0
1992-02-23,1.1822,1.1896,1.1772,1.1822,0
1992-03-01,1.1917,1.1993,1.1822,1.1917,0
1992-03-08,1.1974,1.1993,1.1887,1.1974,0
1992-03-15,1.1987,1.2004,1.1923,1.1987,0
1992-03-22,1.1887,1.1998,1.1864,1.1887,0
1992-03-29,1.189,1.1963,1.1877,1.189,0
1992-04-05,1.1867,1.1915,1.185,1.1867,0
1992-04-12,1.1818,1.1883,1.1782,1.1818,0
1992-04-19,1.187,1.1904,1.1785,1.187,0
1992-04-26,1.1887,1.1979,1.1878,1.1887,0
1992-05-03,1.2027,1.2033,1.1887,1.2027,0
1992-05-10,1.202,1.2109,1.2007,1.202,0
1992-05-17,1.2018,1.2022,1.1913,1.1961,0
1992-05-24,1.1959,1.2068,1.1955,1.2031,0
1992-05-31,1.2031,1.2064,1.1915,1.1921,0
1992-06-07,1.1919,1.1953,1.1898,1.1902,0
1992-06-14,1.1902,1.1995,1.1902,1.1972,0
1992-06-21,1.1974,1.1986,1.1902,1.1938,0
1992-06-28,1.1938,1.2041,1.1919,1.2018,0
1992-07-05,1.202,1.202,1.1873,1.1936,0
1992-07-12,1.194,1.1955,1.1887,1.189,0
1992-07-19,1.189,1.1938,1.1852,1.1913,0
1992-07-26,1.1907,1.1909,1.1818,1.1837,0
1992-08-02,1.1837,1.1875,1.1816,1.1837,-1
1992-08-09,1.1837,1.1953,1.1833,1.1919,0
1992-08-16,1.1907,1.2003,1.1907,1.1925,0
1992-08-23,1.1902,1.1976,1.1881,1.197,0
1992-08-30,1.1959,1.1999,1.1925,1.1989,0
1992-09-06,1.1987,1.2278,1.1985,1.2169,1
1992-09-13,1.2155,1.2248,1.203,1.2185,1
1992-09-20,1.2212,1.247,1.2203,1.2393,1
1992-09-27,1.2395,1.2622,1.2395,1.2492,1
1992-10-04,1.2498,1.255,1.2403,1.2494,0
1992-10-11,1.2492,1.2544,1.239,1.2452,0
1992-10-18,1.2447,1.2487,1.2353,1.2481,0
1992-10-25,1.2481,1.2544,1.2317,1.2384,0
1992-11-01,1.239,1.2565,1.2389,1.254,0
1992-11-08,1.2548,1.2675,1.2523,1.2645,1
1992-11-15,1.2644,1.2836,1.2623,1.2833,1
1992-11-22,1.2828,1.2948,1.2792,1.2862,1
1992-11-29,1.2866,1.2908,1.2728,1.2772,0
1992-12-06,1.2772,1.2792,1.2693,1.2738,0
1992-12-13,1.2737,1.2812,1.2726,1.2752,0
1992-12-20,1.2751,1.2759,1.2583,1.2611,0
1992-12-27,1.2612,1.2716,1.2583,1.2712,0
1993-01-03,1.2717,1.2853,1.2698,1.2824,1
1993-01-10,1.2822,1.2843,1.2725,1.2816,0
1993-01-17,1.2818,1.2883,1.2704,1.2803,0
1993-01-24,1.2807,1.2812,1.2664,1.2679,0
1993-01-31,1.2681,1.2718,1.2591,1.2611,-1
1993-02-07,1.2618,1.2689,1.2527,1.2546,-1
1993-02-14,1.2546,1.2658,1.2518,1.2592,0
1993-02-21,1.2603,1.2658,1.2481,1.25,0
1993-02-28,1.2512,1.2572,1.2401,1.2464,-1
1993-03-07,1.2464,1.2487,1.2405,1.2445,-1
1993-03-14,1.2443,1.2538,1.2405,1.2473,0
1993-03-21,1.247,1.2492,1.242,1.2443,-1
1993-03-28,1.2445,1.2649,1.2431,1.2645,0
1993-04-04,1.2651,1.267,1.2555,1.258,0
1993-04-11,1.258,1.2647,1.2578,1.2597,0
1993-04-18,1.259,1.2656,1.2525,1.2614,0
1993-04-25,1.2614,1.2812,1.2569,1.2704,1
1993-05-02,1.2702,1.2765,1.2664,1.2687,0
1993-05-09,1.2685,1.2782,1.2662,1.2742,0
1993-05-16,1.2732,1.2778,1.263,1.2637,0
1993-05-23,1.2649,1.2725,1.259,1.2717,0
1993-05-30,1.2703,1.2803,1.2692,1.2791,1
1993-06-06,1.2788,1.2858,1.2757,1.2803,1
1993-06-13,1.2803,1.2847,1.2732,1.2736,0
1993-06-20,1.2725,1.2845,1.2723,1.2824,0
1993-06-27,1.2823,1.2898,1.2792,1.2873,1
1993-07-04,1.2872,1.2879,1.2763,1.2784,0
1993-07-11,1.2782,1.2847,1.2757,1.2776,0
1993-07-18,1.2771,1.2818,1.2732,1.2805,0
1993-07-25,1.2803,1.2886,1.2798,1.2853,1
1993-08-01,1.2854,1.2938,1.2833,1.2913,1
1993-08-08,1.2912,1.3173,1.2898,1.3148,1
1993-08-15,1.3153,1.326,1.3107,1.3177,1
1993-08-22,1.3177,1.3232,1.3108,1.3188,0
1993-08-29,1.3186,1.3294,1.3173,1.3277,1
1993-09-05,1.3277,1.3279,1.3123,1.3144,0
1993-09-12,1.3142,1.3234,1.3072,1.3133,0
1993-09-19,1.313,1.3256,1.313,1.3196,0
1993-09-26,1.3203,1.3397,1.3199,1.3384,1
1993-10-03,1.3357,1.3428,1.3295,1.33,0
1993-10-10,1.3295,1.3361,1.323,1.331,0
1993-10-17,1.3333,1.3333,1.2983,1.3053,0
1993-10-24,1.3072,1.3262,1.3003,1.3205,0
1993-10-31,1.3203,1.3203,1.2902,1.2917,0
1993-11-07,1.2927,1.3182,1.2923,1.3129,0
1993-11-14,1.3127,1.3302,1.3087,1.3272,0
1993-11-21,1.3271,1.3323,1.3233,1.3296,1
1993-11-28,1.3289,1.339,1.3262,1.3283,0
1993-12-05,1.3283,1.3321,1.3203,1.3293,0
1993-12-12,1.3293,1.3411,1.3267,1.3397,0
1993-12-19,1.3392,1.3485,1.3213,1.3268,0
1993-12-26,1.3253,1.3368,1.3215,1.3217,0
1994-01-02,1.3217,1.3253,1.311,1.3192,0
1994-01-09,1.3188,1.3274,1.3137,1.3243,0
1994-01-16,1.3243,1.3257,1.308,1.3115,0
1994-01-23,1.3102,1.3262,1.3091,1.3249,0
1994-01-30,1.3222,1.3449,1.3218,1.3415,0
1994-02-06,1.3403,1.3459,1.3373,1.3438,1
1994-02-13,1.3438,1.3563,1.335,1.3388,0
1994-02-20,1.3399,1.3527,1.3333,1.3493,0
1994-02-27,1.3478,1.3607,1.3472,1.3573,1
1994-03-06,1.3573,1.3628,1.3512,1.3628,1
1994-03-13,1.3613,1.371,1.3588,1.3699,1
1994-03-20,1.3685,1.3777,1.3594,1.3758,1
1994-03-27,1.3753,1.3898,1.3723,1.3882,1
1994-04-03,1.388,1.3995,1.3785,1.3855,0
1994-04-10,1.3862,1.3899,1.3725,1.3864,0
1994-04-17,1.3857,1.3913,1.3756,1.3785,0
1994-04-24,1.3784,1.3854,1.3703,1.3821,0
1994-05-01,1.3817,1.3887,1.3786,1.3813,0
1994-05-08,1.3809,1.3845,1.375,1.3777,0
1994-05-15,1.3773,1.3813,1.3714,1.3794,0
1994-05-22,1.3777,1.388,1.3752,1.3868,1
1994-05-29,1.3868,1.3883,1.3758,1.3769,0
1994-06-05,1.3767,1.3777,1.3657,1.3746,0
1994-06-12,1.3746,1.395,1.3744,1.3914,0
1994-06-19,1.391,1.3971,1.3827,1.3901,0
1994-06-26,1.3889,1.3931,1.3788,1.3817,0
1994-07-03,1.3822,1.3922,1.3794,1.3893,0
1994-07-10,1.3893,1.3921,1.3758,1.3773,0
1994-07-17,1.3767,1.3857,1.3752,1.3775,0
1994-07-24,1.3773,1.3898,1.3766,1.3859,0
1994-07-31,1.3872,1.3903,1.3842,1.3866,0
1994-08-07,1.3851,1.3851,1.3712,1.3813,0
1994-08-14,1.3813,1.3828,1.3733,1.3754,0
1994-08-21,1.3758,1.379,1.3678,1.3699,0
1994-08-28,1.3705,1.374,1.3645,1.3665,-1
1994-09-04,1.3657,1.372,1.363,1.3683,0
1994-09-11,1.3678,1.3687,1.3468,1.3502,0
1994-09-18,1.3503,1.3529,1.3399,1.3437,-1
1994-09-25,1.3435,1.3517,1.34,1.3425,-1
1994-10-02,1.343,1.3502,1.3422,1.347,0
1994-10-09,1.347,1.3548,1.3422,1.3546,0
1994-10-16,1.3527,1.359,1.35,1.3514,0
1994-10-23,1.3512,1.3535,1.3462,1.3516,0
1994-10-30,1.3513,1.3603,1.3513,1.3558,0
1994-11-06,1.3556,1.3598,1.3514,1.3582,0
1994-11-13,1.3578,1.3688,1.3547,1.3678,0
1994-11-20,1.367,1.3767,1.3653,1.3758,0
1994-11-27,1.3758,1.3802,1.3697,1.3712,0
1994-12-04,1.3702,1.3855,1.37,1.3836,0
1994-12-11,1.3838,1.3933,1.3833,1.392,1
1994-12-18,1.392,1.401,1.3905,1.3993,1
1994-12-25,1.3995,1.4095,1.3988,1.4019,1
1995-01-01,1.4017,1.4083,1.3953,1.4002,0
1995-01-08,1.4002,1.4208,1.3986,1.4103,0
1995-01-15,1.4106,1.427,1.4078,1.423,1
1995-01-22,1.4232,1.4232,1.4097,1.4146,0
1995-01-29,1.4141,1.4222,1.3993,1.4004,0
1995-02-05,1.4007,1.404,1.3935,1.4019,0
1995-02-12,1.4013,1.4133,1.3971,1.4028,1
1995-02-19,1.403,1.4064,1.3902,1.3904,0
1995-02-26,1.3899,1.408,1.3862,1.4068,0
1995-03-05,1.4087,1.423,1.4038,1.4076,0
1995-03-12,1.4076,1.4213,1.4057,1.4114,0
1995-03-19,1.4112,1.4127,1.3994,1.4007,0
1995-03-26,1.4002,1.4068,1.3952,1.4,-1
1995-04-02,1.3995,1.403,1.3873,1.3915,-1
1995-04-09,1.3905,1.391,1.368,1.369,-1
1995-04-16,1.3698,1.3747,1.3642,1.3717,0
1995-04-23,1.3724,1.3733,1.3555,1.356,0
1995-04-30,1.3552,1.3655,1.3523,1.3533,-1
1995-05-07,1.3535,1.3618,1.3493,1.352,-1
1995-05-14,1.3513,1.3628,1.3513,1.3558,0
1995-05-21,1.3565,1.3739,1.3563,1.372,0
1995-05-28,1.372,1.3792,1.3675,1.377,0
1995-06-04,1.3773,1.3825,1.372,1.3775,0
1995-06-11,1.3773,1.3848,1.374,1.3822,0
1995-06-18,1.3823,1.385,1.3725,1.3745,0
1995-06-25,1.375,1.3785,1.3711,1.3721,0
1995-07-02,1.3721,1.3735,1.3582,1.3588,0
1995-07-09,1.359,1.3645,1.3515,1.3581,0
1995-07-16,1.358,1.367,1.3545,1.3595,0
1995-07-23,1.3605,1.3678,1.355,1.3672,0
1995-07-30,1.3672,1.3753,1.3547,1.3588,0
1995-08-06,1.358,1.3623,1.3525,1.3605,0
1995-08-13,1.3598,1.3641,1.3542,1.3588,0
1995-08-20,1.3582,1.3598,1.3432,1.3447,-1
1995-08-27,1.3448,1.3464,1.3345,1.3438,-1
1995-09-03,1.3441,1.3471,1.3345,1.3376,0
1995-09-10,1.3397,1.3741,1.339,1.366,0
1995-09-17,1.366,1.3693,1.3485,1.3505,0
1995-09-24,1.346,1.3537,1.3414,1.3418,-1
1995-10-01,1.339,1.3408,1.3275,1.332,-1
1995-10-08,1.3317,1.3417,1.3317,1.3392,0
1995-10-15,1.3394,1.357,1.3347,1.356,0
1995-10-22,1.3565,1.3795,1.3559,1.3635,0
1995-10-29,1.363,1.3755,1.34,1.3475,0
1995-11-05,1.3467,1.3593,1.3458,1.351,0
1995-11-12,1.3512,1.3592,1.3481,1.3527,0
1995-11-19,1.3518,1.356,1.3466,1.3535,0
1995-11-26,1.3533,1.3672,1.3512,1.3653,0
1995-12-03,1.3649,1.3777,1.3632,1.3773,1
1995-12-10,1.3758,1.3825,1.3715,1.3725,0
1995-12-17,1.3728,1.3799,1.3588,1.3625,0
1995-12-24,1.3622,1.3657,1.3573,1.3643,0
1995-12-31,1.3638,1.3651,1.3512,1.3584,0
1996-01-07,1.3577,1.3674,1.3573,1.363,0
1996-01-14,1.363,1.3707,1.3605,1.366,1
1996-01-21,1.3655,1.3842,1.3651,1.3817,0
1996-01-28,1.3813,1.3839,1.3713,1.376,0
1996-02-04,1.3748,1.3798,1.3638,1.3714,0
1996-02-11,1.3716,1.3832,1.3695,1.3811,0
1996-02-18,1.3821,1.3868,1.3733,1.3762,0
1996-02-25,1.3758,1.3792,1.3664,1.3714,0
1996-03-03,1.3704,1.3748,1.3643,1.3683,0
1996-03-10,1.3683,1.3708,1.3617,1.3636,0
1996-03-17,1.3636,1.3647,1.3548,1.3624,0
1996-03-24,1.3622,1.366,1.356,1.3592,0
1996-03-31,1.3595,1.3596,1.3535,1.356,-1
1996-04-07,1.3563,1.3603,1.3542,1.3565,0
1996-04-14,1.3564,1.366,1.3549,1.3625,0
1996-04-21,1.3624,1.3685,1.3557,1.361,0
1996-04-28,1.3607,1.3663,1.3577,1.3652,0
1996-05-05,1.3647,1.371,1.3634,1.3705,0
1996-05-12,1.3704,1.3746,1.3643,1.3693,0
1996-05-19,1.3693,1.3777,1.3687,1.3735,0
1996-05-26,1.3739,1.3773,1.3674,1.3687,0
1996-06-02,1.3691,1.3702,1.363,1.3647,0
1996-06-09,1.3643,1.3708,1.3617,1.3651,0
1996-06-16,1.3648,1.3697,1.364,1.3645,0
1996-06-23,1.3645,1.3667,1.357,1.3635,0
1996-06-30,1.3638,1.3703,1.3587,1.368,0
1996-07-07,1.3685,1.372,1.3664,1.3693,1
1996-07-14,1.3691,1.3746,1.3638,1.3668,0
1996-07-21,1.3664,1.3767,1.3653,1.375,0
1996-07-28,1.375,1.3773,1.3691,1.375,0
1996-08-04,1.3748,1.3773,1.3685,1.3702,0
1996-08-11,1.3709,1.3785,1.3685,1.3739,0
1996-08-18,1.3737,1.3758,1.3678,1.3706,0
1996-08-25,1.3708,1.3712,1.3653,1.3683,0
1996-09-01,1.368,1.3748,1.3678,1.3731,0
1996-09-08,1.3729,1.3737,1.3683,1.3697,0
1996-09-15,1.3701,1.3727,1.3666,1.3672,0
1996-09-22,1.3672,1.3685,1.3617,1.3628,-1
1996-09-29,1.3632,1.3647,1.3535,1.3544,-1
1996-10-06,1.355,1.3565,1.3493,1.3525,-1
1996-10-13,1.3523,1.3569,1.347,1.3491,-1
1996-10-20,1.3493,1.3515,1.3428,1.3455,-1
1996-10-27,1.3458,1.3471,1.3335,1.3337,-1
1996-11-03,1.3337,1.3373,1.3266,1.3312,-1
1996-11-10,1.3314,1.3407,1.3312,1.3388,0
1996-11-17,1.3388,1.3445,1.3373,1.3405,0
1996-11-24,1.3413,1.3518,1.339,1.3516,0
1996-12-01,1.351,1.3639,1.3466,1.3594,0
1996-12-08,1.3594,1.3653,1.3537,1.3628,0
1996-12-15,1.3635,1.3718,1.3617,1.368,1
1996-12-22,1.3686,1.3703,1.3623,1.3679,0
1996-12-29,1.3679,1.3784,1.3662,1.3702,1
1997-01-05,1.37,1.3731,1.3464,1.3487,0
1997-01-12,1.3485,1.3527,1.3367,1.3407,0
1997-01-19,1.3407,1.3497,1.334,1.3495,0
1997-01-26,1.349,1.3508,1.3383,1.3476,0
1997-02-02,1.347,1.3537,1.3405,1.3502,0
1997-02-09,1.3518,1.3582,1.3485,1.3493,0
1997-02-16,1.3493,1.3648,1.3488,1.364,0
1997-02-23,1.3643,1.3698,1.3577,1.3681,1
1997-03-02,1.3683,1.371,1.3632,1.3691,1
1997-03-09,1.3699,1.372,1.3596,1.3651,0
1997-03-16,1.3653,1.3821,1.3634,1.3788,0
1997-03-23,1.379,1.3813,1.3712,1.3805,1
1997-03-30,1.3809,1.3939,1.3792,1.3918,1
1997-04-06,1.3917,1.3991,1.3835,1.3981,1
1997-04-13,1.3981,1.4028,1.3939,1.3994,1
1997-04-20,1.3998,1.4002,1.3904,1.3977,0
1997-04-27,1.3977,1.4022,1.3799,1.38,0
1997-05-04,1.3784,1.3931,1.3746,1.3918,0
1997-05-11,1.3916,1.3933,1.3634,1.3733,0
1997-05-18,1.3727,1.3775,1.3615,1.3756,0
1997-05-25,1.3754,1.3866,1.3748,1.3765,0
1997-06-01,1.3765,1.3853,1.3712,1.383,0
1997-06-08,1.3834,1.3893,1.3767,1.3817,0
1997-06-15,1.3811,1.3942,1.3771,1.3893,0
1997-06-22,1.3891,1.3967,1.3767,1.3805,0
1997-06-29,1.3807,1.383,1.371,1.3745,-1
1997-07-06,1.3741,1.38,1.3683,1.3702,-1
1997-07-13,1.3704,1.379,1.3662,1.3744,0
1997-07-20,1.3747,1.386,1.3719,1.3845,0
1997-07-27,1.3845,1.3874,1.3765,1.3809,0
1997-08-03,1.3809,1.3935,1.3782,1.3906,0
1997-08-10,1.3906,1.396,1.3862,1.3908,1
1997-08-17,1.3905,1.3968,1.3857,1.392,0
1997-08-24,1.3914,1.3962,1.3866,1.3878,0
1997-08-31,1.3885,1.3897,1.3805,1.3813,0
1997-09-07,1.3815,1.3942,1.3802,1.3927,0
1997-09-14,1.3929,1.3937,1.3853,1.3889,0
1997-09-21,1.3887,1.3914,1.3821,1.3845,0
1997-09-28,1.3849,1.3862,1.3691,1.3723,0
1997-10-05,1.372,1.3802,1.3689,1.378,0
1997-10-12,1.3782,1.3892,1.3778,1.3862,0
1997-10-19,1.3862,1.3939,1.3838,1.3918,0
1997-10-26,1.392,1.4166,1.392,1.4085,1
1997-11-02,1.4082,1.4135,1.3967,1.4093,1
1997-11-09,1.4093,1.4139,1.4032,1.4129,1
1997-11-16,1.4127,1.4221,1.4112,1.4179,1
1997-11-23,1.4177,1.4268,1.4148,1.4232,1
1997-11-30,1.423,1.4261,1.4165,1.424,1
1997-12-07,1.4232,1.4291,1.4127,1.42,0
1997-12-14,1.42,1.4348,1.4183,1.4314,0
1997-12-21,1.4318,1.4396,1.4318,1.4356,1
1997-12-28,1.4358,1.4415,1.4228,1.4249,0
1998-01-04,1.4251,1.4358,1.4213,1.4304,0
1998-01-11,1.4303,1.4385,1.4303,1.4369,1
1998-01-18,1.4373,1.4577,1.4343,1.452,1
1998-01-25,1.4524,1.4688,1.4457,1.4543,1
1998-02-01,1.4533,1.456,1.4264,1.4316,0
1998-02-08,1.4322,1.444,1.4263,1.444,0
1998-02-15,1.4432,1.4461,1.4162,1.4196,0
1998-02-22,1.4198,1.4268,1.4167,1.4238,0
1998-03-01,1.4238,1.4293,1.415,1.4184,0
1998-03-08,1.4192,1.4192,1.404,1.4125,-1
1998-03-15,1.4118,1.4213,1.4112,1.419,0
1998-03-22,1.4186,1.4244,1.4084,1.4167,0
1998-03-29,1.4164,1.4242,1.4146,1.42,0
1998-04-05,1.4195,1.4277,1.4155,1.4265,0
1998-04-12,1.4269,1.441,1.4245,1.4287,0
1998-04-19,1.429,1.437,1.4258,1.4344,0
1998-04-26,1.4339,1.4417,1.4289,1.4337,0
1998-05-03,1.4331,1.4423,1.4325,1.4364,0
1998-05-10,1.4368,1.452,1.4306,1.4485,0
1998-05-17,1.4486,1.4547,1.4447,1.4491,1
1998-05-24,1.4492,1.4578,1.4483,1.4566,0
1998-05-31,1.4566,1.4607,1.4493,1.4579,1
1998-06-07,1.4581,1.4714,1.4562,1.4665,1
1998-06-14,1.4672,1.4769,1.4594,1.4712,1
1998-06-21,1.4724,1.4756,1.4642,1.4697,0
1998-06-28,1.4703,1.4731,1.4604,1.4682,0
1998-07-05,1.4688,1.4802,1.468,1.4783,1
1998-07-12,1.4796,1.4918,1.4766,1.488,1
1998-07-19,1.488,1.5002,1.4859,1.4996,1
1998-07-26,1.4998,1.5132,1.4968,1.5128,1
1998-08-02,1.513,1.5353,1.5108,1.5213,1
1998-08-09,1.521,1.5253,1.5112,1.5168,0
1998-08-16,1.5175,1.5463,1.5162,1.544,0
1998-08-23,1.5426,1.585,1.5405,1.562,1
1998-08-30,1.5623,1.5748,1.5203,1.5205,0
1998-09-06,1.5212,1.5286,1.5084,1.5137,0
1998-09-13,1.5145,1.5377,1.4987,1.5238,0
1998-09-20,1.5244,1.5333,1.5065,1.5122,0
1998-09-27,1.5135,1.5578,1.5,1.5445,0
1998-10-04,1.5448,1.5615,1.4985,1.5425,0
1998-10-11,1.5435,1.5515,1.529,1.545,1
1998-10-18,1.5449,1.5572,1.536,1.5431,0
1998-10-25,1.5437,1.554,1.5359,1.5427,0
1998-11-01,1.544,1.5465,1.5168,1.533,0
1998-11-08,1.5325,1.5535,1.5311,1.5495,0
1998-11-15,1.55,1.5575,1.5428,1.5475,0
1998-11-22,1.5465,1.5525,1.5193,1.5343,0
1998-11-29,1.5338,1.5397,1.5195,1.5345,0
1998-12-06,1.5339,1.547,1.5327,1.542,0
1998-12-13,1.54,1.5451,1.5364,1.544,0
1998-12-20,1.545,1.5544,1.5449,1.5515,1
1998-12-27,1.551,1.5536,1.5285,1.5305,0
1999-01-03,1.5315,1.5359,1.502,1.5126,-1
1999-01-10,1.5119,1.5475,1.505,1.5258,0
1999-01-17,1.5256,1.534,1.511,1.518,-1
1999-01-24,1.5205,1.528,1.5065,1.5105,-1
1999-01-31,1.511,1.517,1.4825,1.4905,-1
1999-02-07,1.4895,1.497,1.4853,1.4912,0
1999-02-14,1.4925,1.5065,1.4848,1.487,0
1999-02-21,1.4878,1.5139,1.4869,1.508,0
1999-02-28,1.509,1.5317,1.5071,1.5183,0
1999-03-07,1.5183,1.5271,1.5115,1.5243,0
1999-03-14,1.5238,1.5307,1.5145,1.5153,0
1999-03-21,1.5155,1.516,1.5023,1.5137,0
1999-03-28,1.5123,1.516,1.495,1.495,0
1999-04-04,1.4957,1.505,1.495,1.5003,0
1999-04-11,1.5001,1.5005,1.4777,1.4782,-1
1999-04-18,1.4787,1.4925,1.4743,1.4755,-1
1999-04-25,1.475,1.4835,1.4539,1.4565,-1
1999-05-02,1.4564,1.4621,1.4452,1.4576,0
1999-05-09,1.4576,1.4667,1.4505,1.4643,0
1999-05-16,1.4644,1.4711,1.4563,1.4608,0
1999-05-23,1.4613,1.4785,1.4531,1.4716,0
1999-05-30,1.472,1.4865,1.4689,1.4701,0
1999-06-06,1.4705,1.477,1.4571,1.462,-1
1999-06-13,1.462,1.467,1.4545,1.464,0
1999-06-20,1.4643,1.4753,1.4616,1.4666,0
1999-06-27,1.466,1.4825,1.4615,1.4639,0
1999-07-04,1.4643,1.4741,1.4627,1.4715,0
1999-07-11,1.4725,1.4853,1.4708,1.4833,1
1999-07-18,1.4829,1.5122,1.482,1.5067,1
1999-07-25,1.507,1.5176,1.4985,1.507,0
1999-08-01,1.5064,1.5131,1.4885,1.5036,0
1999-08-08,1.5038,1.505,1.4756,1.4778,0
1999-08-15,1.4778,1.4981,1.476,1.496,0
1999-08-22,1.496,1.5045,1.4883,1.489,0
1999-08-29,1.489,1.4993,1.4841,1.4906,0
1999-09-05,1.4911,1.4943,1.4721,1.4746,0
1999-09-12,1.4758,1.4799,1.4679,1.4714,0
1999-09-19,1.4718,1.4807,1.467,1.4715,-1
1999-09-26,1.4725,1.4788,1.4598,1.4745,0
1999-10-03,1.4755,1.4772,1.4635,1.4708,0
1999-10-10,1.4718,1.4905,1.4704,1.488,0
1999-10-17,1.4877,1.4973,1.4745,1.477,0
1999-10-24,1.4773,1.4795,1.4681,1.4704,-1
1999-10-31,1.4708,1.4721,1.4552,1.4685,-1
1999-11-07,1.4676,1.4765,1.4602,1.4627,0
1999-11-14,1.4634,1.4717,1.4599,1.4617,-1
1999-11-21,1.4623,1.4705,1.4599,1.4686,0
1999-11-28,1.4679,1.4829,1.4677,1.4798,0
1999-12-05,1.4793,1.4833,1.4715,1.4765,0
1999-12-12,1.4774,1.4853,1.4737,1.478,1
1999-12-19,1.4776,1.4829,1.4671,1.4674,0
1999-12-26,1.4677,1.4693,1.4425,1.446,-1
2000-01-02,1.4458,1.462,1.441,1.4558,0
2000-01-09,1.457,1.4591,1.4453,1.4496,0
2000-01-16,1.4505,1.454,1.4373,1.4402,-1
2000-01-23,1.4403,1.451,1.4315,1.4453,0
2000-01-30,1.4459,1.4548,1.4357,1.44,0
2000-02-06,1.4405,1.4537,1.437,1.449,0
2000-02-13,1.4496,1.4598,1.4466,1.4511,0
2000-02-20,1.4506,1.467,1.448,1.4483,-1
2000-02-27,1.449,1.4589,1.4437,1.4512,0
2000-03-05,1.4511,1.4622,1.4489,1.4581,0
2000-03-12,1.458,1.4773,1.4568,1.471,1
2000-03-19,1.4707,1.4767,1.4615,1.4621,0
2000-03-26,1.4624,1.4639,1.4483,1.4491,0
2000-04-02,1.4495,1.459,1.4475,1.4584,0
2000-04-09,1.4575,1.4778,1.4567,1.4768,1
2000-04-16,1.4768,1.4893,1.4715,1.4735,0
2000-04-23,1.4739,1.4846,1.4668,1.481,0
2000-04-30,1.48,1.5003,1.4757,1.49,1
2000-05-07,1.4912,1.4983,1.485,1.4855,0
2000-05-14,1.4864,1.5072,1.4835,1.4963,0
2000-05-21,1.4969,1.5144,1.4944,1.5031,1
2000-05-28,1.5033,1.5072,1.4762,1.4765,0
2000-06-04,1.4772,1.4817,1.4703,1.4747,0
2000-06-11,1.4745,1.4782,1.4657,1.4659,0
2000-06-18,1.4671,1.4835,1.4629,1.4833,0
2000-06-25,1.4828,1.4905,1.4758,1.4804,0
2000-07-02,1.4795,1.4924,1.4785,1.4796,0
2000-07-09,1.4812,1.4859,1.476,1.484,0
2000-07-16,1.4841,1.4859,1.4703,1.4707,0
2000-07-23,1.4713,1.4786,1.463,1.4775,0
2000-07-30,1.4775,1.4911,1.4775,1.4891,0
2000-08-06,1.4895,1.4949,1.4796,1.4843,0
2000-08-13,1.4838,1.489,1.4715,1.4768,0
2000-08-20,1.476,1.4887,1.4725,1.4832,0
2000-08-27,1.4839,1.4885,1.4685,1.4733,0
2000-09-03,1.4737,1.4849,1.4719,1.4771,0
2000-09-10,1.4769,1.4937,1.4757,1.4827,0
2000-09-17,1.4831,1.4926,1.4797,1.4885,0
2000-09-24,1.488,1.5084,1.4845,1.5033,1
2000-10-01,1.5034,1.5115,1.4923,1.5038,1
2000-10-08,1.5028,1.5207,1.4987,1.5067,1
2000-10-15,1.5074,1.5238,1.5069,1.5107,0
2000-10-22,1.5119,1.53,1.5075,1.5291,0
2000-10-29,1.53,1.5393,1.5207,1.5326,1
2000-11-05,1.5326,1.5503,1.5285,1.5429,1
2000-11-12,1.543,1.563,1.5407,1.5577,1
2000-11-19,1.557,1.5611,1.5375,1.5389,0
2000-11-26,1.5389,1.5477,1.5285,1.5469,0
2000-12-03,1.5464,1.5542,1.5165,1.5167,0
2000-12-10,1.519,1.5299,1.5128,1.5207,0
2000-12-17,1.5204,1.529,1.5149,1.5179,0
2000-12-24,1.5179,1.5201,1.4947,1.4988,0
2000-12-31,1.4982,1.5051,1.4901,1.4995,0
2001-01-07,1.4985,1.5033,1.4924,1.5001,0
2001-01-14,1.5003,1.5175,1.4988,1.5125,0
2001-01-21,1.5115,1.5166,1.5005,1.5048,0
2001-01-28,1.5057,1.5065,1.49,1.4957,-1
2001-02-04,1.4974,1.5148,1.4962,1.5107,0
2001-02-11,1.511,1.5415,1.5103,1.54,0
2001-02-18,1.5385,1.5436,1.5328,1.5374,0
2001-02-25,1.537,1.5498,1.5249,1.5445,0
2001-03-04,1.5444,1.5525,1.5369,1.5473,1
2001-03-11,1.5466,1.5695,1.5417,1.5689,1
2001-03-18,1.5687,1.5773,1.5583,1.5647,0
2001-03-25,1.5643,1.5796,1.5533,1.5764,0
2001-04-01,1.5767,1.5827,1.5605,1.5647,0
2001-04-08,1.5635,1.5661,1.554,1.5613,0
2001-04-15,1.5626,1.5743,1.5423,1.5449,0
2001-04-22,1.5454,1.5525,1.5395,1.5423,0
2001-04-29,1.543,1.5445,1.5273,1.5353,0
2001-05-06,1.5359,1.5523,1.5325,1.5507,0
2001-05-13,1.5498,1.5563,1.5315,1.5338,0
2001-05-20,1.5324,1.5539,1.5315,1.5455,0
2001-05-27,1.5443,1.5512,1.5293,1.5365,0
2001-06-03,1.5345,1.5384,1.5175,1.5175,-1
2001-06-10,1.5193,1.5297,1.5138,1.5241,0
2001-06-17,1.5238,1.5377,1.5217,1.5225,0
2001-06-24,1.5228,1.5272,1.5103,1.5147,-1
2001-07-01,1.5139,1.5237,1.507,1.5227,0
2001-07-08,1.5228,1.5417,1.5173,1.5365,0
2001-07-15,1.5367,1.5477,1.5325,1.5433,1
2001-07-22,1.5434,1.5469,1.5293,1.5315,0
2001-07-29,1.5322,1.5417,1.5249,1.5291,0
2001-08-05,1.5298,1.5437,1.5235,1.5393,0
2001-08-12,1.5395,1.5445,1.5248,1.5429,1
2001-08-19,1.5426,1.5507,1.5375,1.5392,0
2001-08-26,1.5396,1.552,1.538,1.5512,0
2001-09-02,1.5498,1.5686,1.5461,1.5655,1
2001-09-09,1.5659,1.5724,1.5568,1.5643,0
2001-09-16,1.5641,1.5742,1.5626,1.5715,0
2001-09-23,1.571,1.5812,1.5658,1.5794,1
2001-09-30,1.5788,1.5798,1.5608,1.5621,0
2001-10-07,1.5623,1.5705,1.558,1.563,0
2001-10-14,1.5623,1.5803,1.5557,1.5748,0
2001-10-21,1.5756,1.5807,1.5695,1.5765,1
2001-10-28,1.5763,1.5972,1.5733,1.5916,1
2001-11-04,1.5915,1.6055,1.5891,1.6032,1
2001-11-11,1.6026,1.6049,1.5856,1.5893,0
2001-11-18,1.5898,1.6029,1.5825,1.5993,0
2001-11-25,1.5991,1.6021,1.5701,1.5732,0
2001-12-02,1.573,1.578,1.5696,1.5756,0
2001-12-09,1.575,1.5798,1.5586,1.5614,0
2001-12-16,1.5601,1.5861,1.5583,1.5852,0
2001-12-23,1.5857,1.6057,1.5849,1.5907,1
2001-12-30,1.59,1.5996,1.5891,1.5949,0
2002-01-06,1.5956,1.6047,1.5932,1.5967,1
2002-01-13,1.5958,1.6168,1.5867,1.6145,0
2002-01-20,1.619,1.6193,1.5992,1.6104,0
2002-01-27,1.6108,1.6138,1.5827,1.5904,0
2002-02-03,1.59,1.609,1.5895,1.598,0
2002-02-10,1.5986,1.5988,1.587,1.5896,0
2002-02-17,1.5897,1.598,1.5855,1.596,0
2002-02-24,1.5965,1.6125,1.5913,1.592,0
2002-03-03,1.5928,1.5934,1.577,1.5866,0
2002-03-10,1.5861,1.5986,1.5815,1.5839,0
2002-03-17,1.5838,1.5883,1.574,1.5777,-1
2002-03-24,1.5776,1.5966,1.5768,1.5955,0
2002-03-31,1.5954,1.6026,1.5874,1.5896,0
2002-04-07,1.5889,1.599,1.5852,1.5854,-1
2002-04-14,1.5859,1.5918,1.5703,1.572,-1
2002-04-21,1.5713,1.5759,1.5605,1.5623,-1
2002-04-28,1.562,1.571,1.5564,1.5661,0
2002-05-05,1.563,1.5725,1.5558,1.5583,-1
2002-05-12,1.5571,1.5632,1.5415,1.5439,-1
2002-05-19,1.5465,1.5467,1.5315,1.5325,-1
2002-05-26,1.5333,1.5385,1.5259,1.533,-1
2002-06-02,1.5386,1.5386,1.5243,1.5321,0
2002-06-09,1.5328,1.5524,1.5325,1.5468,0
2002-06-16,1.5461,1.5515,1.5177,1.5204,0
2002-06-23,1.521,1.5243,1.5029,1.5188,-1
2002-06-30,1.5175,1.5347,1.5134,1.5224,0
2002-07-07,1.524,1.5339,1.5106,1.5336,0
2002-07-14,1.5323,1.5463,1.5283,1.5435,0
2002-07-21,1.5436,1.5965,1.5402,1.587,0
2002-07-28,1.5855,1.5926,1.5647,1.5847,0
2002-08-04,1.5848,1.6049,1.5702,1.5723,0
2002-08-11,1.5723,1.5776,1.5565,1.5592,0
2002-08-18,1.5588,1.5749,1.5511,1.5563,0
2002-08-25,1.5562,1.5648,1.549,1.5587,0
2002-09-01,1.5592,1.5746,1.5505,1.5588,0
2002-09-08,1.5593,1.5885,1.5585,1.5799,0
2002-09-15,1.5794,1.5868,1.5698,1.5725,0
2002-09-22,1.5733,1.5915,1.5717,1.5788,0
2002-09-29,1.5778,1.5954,1.5751,1.5928,0
2002-10-06,1.592,1.5995,1.5853,1.5865,0
2002-10-13,1.5863,1.5897,1.5684,1.5735,0
2002-10-20,1.574,1.5748,1.5593,1.5688,0
2002-10-27,1.567,1.5706,1.554,1.5583,0
2002-11-03,1.5568,1.5669,1.5504,1.5646,0
2002-11-10,1.5643,1.5851,1.5638,1.5842,0
2002-11-17,1.5833,1.592,1.5764,1.5782,0
2002-11-24,1.5807,1.5807,1.5633,1.5649,0
2002-12-01,1.5628,1.5693,1.5538,1.565,0
2002-12-08,1.5648,1.565,1.5515,1.5603,0
2002-12-15,1.5613,1.5642,1.545,1.5501,0
2002-12-22,1.5505,1.572,1.5466,1.5687,0
2002-12-29,1.5676,1.5801,1.5632,1.564,0
2003-01-05,1.564,1.5659,1.5442,1.5449,-1
2003-01-12,1.5464,1.5465,1.5283,1.5356,-1
2003-01-19,1.5345,1.5385,1.5179,1.5191,-1
2003-01-26,1.5187,1.5364,1.5171,1.5212,0
2003-02-02,1.5207,1.5269,1.5123,1.5207,-1
2003-02-09,1.5216,1.5332,1.5135,1.5229,0
2003-02-16,1.5227,1.5256,1.503,1.5047,-1
2003-02-23,1.5048,1.5051,1.483,1.4835,-1
2003-03-02,1.4831,1.4885,1.4606,1.4661,-1
2003-03-09,1.4675,1.4902,1.4602,1.474,0
2003-03-16,1.4731,1.4949,1.4663,1.4945,0
2003-03-23,1.4908,1.493,1.4614,1.4717,0
2003-03-30,1.4712,1.4808,1.4641,1.4722,0
2003-04-06,1.4747,1.4943,1.4493,1.452,0
2003-04-13,1.4528,1.4596,1.4462,1.4505,-1
2003-04-20,1.451,1.4672,1.4429,1.4465,-1
2003-04-27,1.447,1.4549,1.416,1.4197,-1
2003-05-04,1.4186,1.4211,1.3827,1.393,-1
2003-05-11,1.3912,1.3947,1.3626,1.3652,-1
2003-05-18,1.3555,1.3831,1.3418,1.3732,0
2003-05-25,1.3796,1.3925,1.362,1.3666,0
2003-06-01,1.3724,1.379,1.3388,1.3588,-1
2003-06-08,1.3592,1.3683,1.3334,1.3338,0
2003-06-15,1.334,1.3634,1.331,1.3604,0
2003-06-22,1.3595,1.3673,1.3387,1.3484,0
2003-06-29,1.3475,1.3625,1.3333,1.3394,-1
2003-07-06,1.3404,1.3885,1.3375,1.3769,0
2003-07-13,1.3767,1.4142,1.3712,1.4072,0
2003-07-20,1.4078,1.4196,1.3779,1.3812,0
2003-07-27,1.3812,1.4112,1.3773,1.399,0
2003-08-03,1.4035,1.4119,1.3893,1.3919,0
2003-08-10,1.3916,1.4001,1.3762,1.3865,0
2003-08-17,1.3865,1.4166,1.3848,1.4008,0
2003-08-24,1.4011,1.4083,1.384,1.3864,0
2003-08-31,1.3857,1.3982,1.3653,1.37,0
2003-09-07,1.3737,1.3748,1.3609,1.3643,0
2003-09-14,1.3643,1.3744,1.3462,1.3485,0
2003-09-21,1.3435,1.359,1.3368,1.3535,0
2003-09-28,1.354,1.3643,1.3373,1.3441,0
2003-10-05,1.346,1.3483,1.3183,1.321,-1
2003-10-12,1.3203,1.3317,1.3111,1.3147,-1
2003-10-19,1.3143,1.3257,1.3022,1.3065,-1
2003-10-26,1.3077,1.323,1.3052,1.3195,0
2003-11-02,1.3203,1.3434,1.3199,1.3228,0
2003-11-09,1.3228,1.3247,1.295,1.3024,-1
2003-11-16,1.3029,1.3159,1.2963,1.303,0
2003-11-23,1.3022,1.3226,1.2929,1.2997,-1
2003-11-30,1.2995,1.315,1.2945,1.3052,0
2003-12-07,1.3046,1.3305,1.2955,1.3163,0
2003-12-14,1.3246,1.3425,1.3103,1.3362,0
2003-12-21,1.335,1.3383,1.3035,1.3068,0
2003-12-28,1.3096,1.3156,1.2801,1.2886,-1
2004-01-04,1.2877,1.2956,1.268,1.2709,-1
2004-01-11,1.2703,1.3028,1.2686,1.2991,0
2004-01-18,1.2992,1.3196,1.2849,1.3131,0
2004-01-25,1.314,1.3363,1.3034,1.3245,1
2004-02-01,1.3249,1.3439,1.3245,1.3255,1
2004-02-08,1.3278,1.3344,1.3068,1.3165,0
2004-02-15,1.3159,1.3512,1.3075,1.3369,0
2004-02-22,1.3374,1.3505,1.325,1.3353,0
2004-02-29,1.3354,1.359,1.3155,1.322,0
2004-03-07,1.3209,1.339,1.3167,1.3357,0
2004-03-14,1.3346,1.3443,1.3241,1.3333,0
2004-03-21,1.3339,1.3434,1.3163,1.319,0
2004-03-28,1.3191,1.3217,1.3009,1.3157,0
2004-04-04,1.3137,1.3299,1.3036,1.3272,0
2004-04-11,1.3276,1.3502,1.3259,1.3443,1
2004-04-18,1.3455,1.3655,1.3424,1.3613,1
2004-04-25,1.3609,1.3797,1.3467,1.37,1
2004-05-02,1.3718,1.387,1.363,1.3828,1
2004-05-09,1.3845,1.399,1.3828,1.387,1
2004-05-16,1.3894,1.4004,1.3664,1.3739,0
2004-05-23,1.3723,1.3782,1.3554,1.3626,0
2004-05-30,1.3613,1.3725,1.3476,1.3514,0
2004-06-06,1.3498,1.3694,1.3393,1.3659,0
2004-06-13,1.3651,1.3817,1.3617,1.3643,0
2004-06-20,1.363,1.368,1.3405,1.3506,0
2004-06-27,1.3498,1.3534,1.3226,1.3236,0
2004-07-04,1.3238,1.3289,1.314,1.3182,-1
2004-07-11,1.3176,1.3306,1.3057,1.3106,-1
2004-07-18,1.3095,1.3273,1.3059,1.3216,0
2004-07-25,1.3214,1.3386,1.3154,1.3317,0
2004-08-01,1.3302,1.3348,1.3074,1.3125,0
2004-08-08,1.3106,1.3337,1.3074,1.3085,-1
2004-08-15,1.3089,1.3129,1.2952,1.2978,-1
2004-08-22,1.2978,1.3155,1.2971,1.3123,0
2004-08-29,1.3131,1.3247,1.2961,1.3001,0
2004-09-05,1.3003,1.3012,1.2844,1.2912,-1
2004-09-12,1.2907,1.3054,1.2879,1.2978,0
2004-09-19,1.2978,1.3026,1.2717,1.2736,0
2004-09-26,1.2748,1.2778,1.2588,1.2605,-1
2004-10-03,1.262,1.2757,1.2496,1.2515,-1
2004-10-10,1.2508,1.2691,1.2502,1.2536,0
2004-10-17,1.2534,1.2618,1.2323,1.2344,-1
2004-10-24,1.2327,1.2355,1.2153,1.218,-1
2004-10-31,1.2186,1.2285,1.1962,1.1979,-1
2004-11-07,1.1955,1.2035,1.1899,1.1924,-1
2004-11-14,1.1932,1.209,1.1873,1.1932,-1
2004-11-21,1.1936,1.1978,1.1717,1.1754,-1
2004-11-28,1.1774,1.2014,1.1772,1.1907,0
2004-12-05,1.1913,1.2346,1.19,1.2254,0
2004-12-12,1.2254,1.2407,1.2184,1.2271,0
2004-12-19,1.2277,1.2468,1.2218,1.2298,0
2004-12-26,1.2308,1.233,1.1963,1.2029,0
2005-01-02,1.202,1.2398,1.1997,1.2313,0
2005-01-09,1.2329,1.234,1.1944,1.2155,0
2005-01-16,1.2174,1.2367,1.2121,1.2212,1
2005-01-23,1.2216,1.2471,1.214,1.2395,0
2005-01-30,1.2396,1.2503,1.2307,1.2479,1
2005-02-06,1.2495,1.2587,1.2357,1.237,0
2005-02-13,1.2365,1.2455,1.2259,1.2321,0
2005-02-20,1.2321,1.25,1.2233,1.2386,0
2005-02-27,1.2391,1.2496,1.2273,1.2311,0
2005-03-06,1.2317,1.2355,1.1995,1.2052,0
2005-03-13,1.2062,1.2102,1.1976,1.2018,0
2005-03-20,1.2038,1.2202,1.1983,1.2187,0
2005-03-27,1.2184,1.2268,1.2056,1.2146,0
2005-04-03,1.2159,1.2323,1.2152,1.229,0
2005-04-10,1.2287,1.248,1.2237,1.247,0
2005-04-17,1.2458,1.2502,1.2315,1.2354,0
2005-04-24,1.2337,1.2623,1.2332,1.2591,0
2005-05-01,1.2593,1.2641,1.2382,1.2424,0
2005-05-08,1.242,1.266,1.2356,1.2652,0
2005-05-15,1.2653,1.2736,1.2555,1.2658,1
2005-05-22,1.2665,1.2698,1.2515,1.2545,0
2005-05-29,1.2565,1.2633,1.242,1.2473,0
2005-06-05,1.2474,1.2591,1.2425,1.2517,0
2005-06-12,1.2506,1.2593,1.2283,1.2294,0
2005-06-19,1.2324,1.243,1.2263,1.233,0
2005-06-26,1.2344,1.2435,1.2231,1.2424,0
2005-07-03,1.2449,1.2481,1.2169,1.2188,0
2005-07-10,1.2193,1.222,1.2018,1.2203,0
2005-07-17,1.2208,1.2253,1.2109,1.2175,0
2005-07-24,1.2199,1.2432,1.2155,1.2224,0
2005-07-31,1.2229,1.2266,1.2065,1.2161,-1
2005-08-07,1.2165,1.2194,1.192,1.1967,0
2005-08-14,1.1957,1.2222,1.194,1.2113,0
2005-08-21,1.2106,1.2134,1.1862,1.2001,0
2005-08-28,1.1976,1.2033,1.1803,1.1896,-1
2005-09-04,1.1881,1.1946,1.1723,1.178,-1
2005-09-11,1.1767,1.19,1.1763,1.1789,0
2005-09-18,1.1818,1.1833,1.1622,1.1709,0
2005-09-25,1.1736,1.182,1.1582,1.1633,0
2005-10-02,1.1623,1.1869,1.162,1.1751,0
2005-10-09,1.1752,1.1896,1.1681,1.1865,0
2005-10-16,1.1858,1.1886,1.1704,1.1875,0
2005-10-23,1.1881,1.1926,1.1637,1.1778,0
2005-10-30,1.1776,1.1869,1.1713,1.1827,0
2005-11-06,1.185,1.1979,1.18,1.1899,0
2005-11-13,1.1896,1.1983,1.1851,1.1893,0
2005-11-20,1.1894,1.1913,1.1671,1.1694,0
2005-11-27,1.169,1.1736,1.1599,1.162,-1
2005-12-04,1.1622,1.1643,1.153,1.1572,-1
2005-12-11,1.1582,1.1617,1.1423,1.1598,0
2005-12-18,1.1593,1.1757,1.1578,1.1658,0
2005-12-25,1.1677,1.1751,1.1606,1.1625,0
2006-01-01,1.1652,1.173,1.145,1.1654,0
2006-01-08,1.1659,1.1753,1.1563,1.1602,0
2006-01-15,1.1591,1.1799,1.1517,1.1528,-1
2006-01-22,1.153,1.1583,1.145,1.1494,-1
2006-01-29,1.1488,1.1504,1.137,1.1456,-1
2006-02-05,1.1442,1.1564,1.1416,1.1536,0
2006-02-12,1.1534,1.1617,1.1497,1.1503,0
2006-02-19,1.1507,1.1557,1.1446,1.1494,-1
2006-02-26,1.1494,1.1511,1.1294,1.1347,-1
2006-03-05,1.1342,1.1652,1.1332,1.1612,0
2006-03-12,1.1601,1.1639,1.1509,1.1578,0
2006-03-19,1.1589,1.1724,1.157,1.1685,0
2006-03-26,1.168,1.1752,1.1574,1.1683,1
2006-04-02,1.1683,1.1774,1.1435,1.1492,0
2006-04-09,1.1492,1.1538,1.1426,1.1515,0
2006-04-16,1.1516,1.154,1.1347,1.1381,0
2006-04-23,1.1355,1.1403,1.1159,1.117,-1
2006-04-30,1.1176,1.1191,1.1012,1.1052,-1
2006-05-07,1.1063,1.1168,1.0974,1.1086,0
2006-05-14,1.1092,1.1277,1.1012,1.1189,0
2006-05-21,1.1204,1.1269,1.1046,1.1071,0
2006-05-28,1.1044,1.1102,1.0927,1.1011,-1
2006-06-04,1.1014,1.1248,1.0974,1.1071,0
2006-06-11,1.1066,1.1256,1.096,1.1222,0
2006-06-18,1.1223,1.1292,1.1031,1.1225,0
2006-06-25,1.1202,1.1271,1.1077,1.1172,0
2006-07-02,1.1149,1.1191,1.104,1.1136,0
2006-07-09,1.1142,1.1404,1.1134,1.1275,0
2006-07-16,1.1281,1.1407,1.1261,1.1377,1
2006-07-23,1.1374,1.146,1.1282,1.1309,0
2006-07-30,1.1302,1.1374,1.1218,1.1271,0
2006-08-06,1.127,1.1285,1.1168,1.1246,0
2006-08-13,1.126,1.1324,1.1144,1.1249,0
2006-08-20,1.1256,1.1259,1.1045,1.1094,0
2006-08-27,1.1089,1.1131,1.1033,1.1038,-1
2006-09-03,1.1044,1.1212,1.104,1.121,0
2006-09-10,1.1208,1.1238,1.1119,1.1195,0
2006-09-17,1.1193,1.1298,1.1117,1.1181,0
2006-09-24,1.1175,1.1193,1.1084,1.1182,0
2006-10-01,1.1179,1.1311,1.1145,1.1256,0
2006-10-08,1.1265,1.1391,1.1212,1.1376,0
2006-10-15,1.1372,1.1416,1.1199,1.1252,0
2006-10-22,1.1252,1.1326,1.1175,1.1193,0
2006-10-29,1.1192,1.1375,1.1179,1.1297,0
2006-11-05,1.1298,1.1365,1.1252,1.1317,1
2006-11-12,1.1316,1.1477,1.1304,1.1467,1
2006-11-19,1.1464,1.1498,1.1307,1.1351,0
2006-11-26,1.1321,1.1469,1.1286,1.1448,0
2006-12-03,1.1447,1.152,1.1379,1.149,1
2006-12-10,1.149,1.1591,1.1454,1.1576,1
2006-12-17,1.1578,1.1591,1.1427,1.1576,0
2006-12-24,1.1576,1.1673,1.1572,1.1654,1
2006-12-31,1.1662,1.1789,1.1625,1.1727,1
2007-01-07,1.173,1.1804,1.1682,1.1693,0
2007-01-14,1.1692,1.1776,1.1644,1.1717,0
2007-01-21,1.1725,1.1854,1.1714,1.1798,1
2007-01-28,1.1792,1.1872,1.1732,1.1849,1
2007-02-04,1.1836,1.1878,1.1711,1.172,0
2007-02-11,1.1733,1.177,1.1618,1.1627,0
2007-02-18,1.1641,1.1718,1.156,1.1588,0
2007-02-25,1.1594,1.1775,1.1575,1.1772,0
2007-03-04,1.1766,1.1827,1.17,1.1723,0
2007-03-11,1.1729,1.1782,1.1677,1.1759,0
2007-03-18,1.1774,1.1791,1.1528,1.1608,0
2007-03-25,1.1604,1.1641,1.1498,1.1532,-1
2007-04-01,1.1521,1.1601,1.1486,1.1515,-1
2007-04-08,1.1509,1.1533,1.1326,1.1383,-1
2007-04-15,1.1366,1.1372,1.1214,1.1242,-1
2007-04-22,1.1227,1.125,1.113,1.117,-1
2007-04-29,1.1158,1.1198,1.1031,1.1073,-1
2007-05-06,1.107,1.1171,1.1006,1.1106,0
2007-05-13,1.1105,1.1126,1.0875,1.0884,0
2007-05-20,1.0896,1.0901,1.0776,1.0808,-1
2007-05-27,1.0796,1.0838,1.0598,1.0608,-1
2007-06-03,1.0615,1.0716,1.055,1.0613,-1
2007-06-10,1.0616,1.0742,1.0591,1.0679,0
2007-06-17,1.0681,1.0762,1.0615,1.0697,0
2007-06-24,1.069,1.0736,1.0474,1.0653,-1
2007-07-01,1.0634,1.0639,1.0463,1.0494,0
2007-07-08,1.0491,1.0614,1.0444,1.0471,-1
2007-07-15,1.0484,1.05,1.04,1.0487,0
2007-07-22,1.0484,1.0652,1.0339,1.0642,0
2007-07-29,1.0644,1.0701,1.0501,1.0572,0
2007-08-05,1.0564,1.0644,1.0461,1.0532,-1
2007-08-12,1.0541,1.0868,1.0486,1.0604,0
2007-08-19,1.0612,1.0667,1.0473,1.0525,0
2007-08-26,1.052,1.0679,1.047,1.0558,0
2007-09-02,1.0556,1.0584,1.0476,1.0557,0
2007-09-09,1.0546,1.0593,1.0277,1.0307,0
2007-09-16,1.0303,1.0314,0.9937,1.0012,-1
2007-09-23,0.9998,1.0097,0.9912,0.9915,-1
2007-09-30,0.993,1.0017,0.9787,0.9807,-1
2007-10-07,0.9802,0.9898,0.9711,0.9712,-1
2007-10-14,0.9715,0.9823,0.9632,0.9663,-1
2007-10-21,0.9667,0.9827,0.959,0.9615,-1
2007-10-28,0.9611,0.963,0.9326,0.9343,-1
2007-11-04,0.9355,0.9444,0.9059,0.9433,0
2007-11-11,0.9456,0.9889,0.9433,0.9736,0
2007-11-18,0.9771,0.9928,0.9706,0.9893,0
2007-11-25,0.9869,1.0017,0.9799,1.0001,0
2007-12-02,0.9995,1.0216,0.9975,1.0048,0
2007-12-09,1.0041,1.0249,1.0005,1.0172,0
2007-12-16,1.0178,1.0229,0.9909,0.9914,0
2007-12-23,0.9917,0.9937,0.9757,0.9808,0
2007-12-30,0.9809,1.0037,0.9765,1.0036,0
2008-01-06,1.0022,1.0223,0.9966,1.0198,1
2008-01-13,1.0199,1.031,1.0124,1.0272,1
2008-01-20,1.0263,1.0381,1.0017,1.0067,0
2008-01-27,1.0094,1.012,0.9872,0.9928,0
2008-02-03,0.9944,1.0128,0.9922,1.0,0
2008-02-10,1.0001,1.0114,0.992,1.0073,0
2008-02-17,1.0095,1.02,1.0021,1.0122,1
2008-02-24,1.0125,1.013,0.971,0.9845,0
2008-03-02,0.9853,0.9978,0.9746,0.9898,0
2008-03-09,0.9891,0.9986,0.9798,0.9893,0
2008-03-16,0.9884,1.0297,0.986,1.0232,0
2008-03-23,1.0252,1.031,1.0094,1.0226,0
2008-03-30,1.0226,1.0327,1.0018,1.0083,0
2008-04-06,1.0092,1.025,1.004,1.0235,0
2008-04-13,1.0269,1.0276,0.9989,1.0044,0
2008-04-20,1.0051,1.0215,0.9997,1.0138,0
2008-04-27,1.0131,1.0243,1.0037,1.0196,1
2008-05-04,1.0194,1.0199,0.9997,1.0053,0
2008-05-11,1.0067,1.011,0.9945,0.9992,0
2008-05-18,0.9996,1.0002,0.9819,0.9897,0
2008-05-25,0.9887,0.9981,0.9824,0.9934,0
2008-06-01,0.9951,1.0223,0.9928,1.0196,0
2008-06-08,1.0185,1.0323,1.015,1.0294,0
2008-06-15,1.0286,1.03,1.0101,1.0167,0
2008-06-22,1.0165,1.0193,1.0048,1.0106,0
2008-06-29,1.0105,1.0243,1.0063,1.0198,0
2008-07-06,1.0187,1.0232,1.0069,1.0095,0
2008-07-13,1.0071,1.0141,0.9973,1.0057,-1
2008-07-20,1.0063,1.0208,0.999,1.0198,0
2008-07-27,1.0191,1.03,1.0174,1.0271,1
2008-08-03,1.0267,1.0697,1.0261,1.0667,1
2008-08-10,1.0677,1.0731,1.0564,1.0592,0
2008-08-17,1.0595,1.0671,1.0421,1.0472,0
2008-08-24,1.0483,1.0647,1.0412,1.0638,0
2008-08-31,1.0614,1.0779,1.0543,1.0623,1
2008-09-07,1.0572,1.0824,1.0551,1.0601,0
2008-09-14,1.0631,1.081,1.043,1.0468,0
2008-09-21,1.0471,1.0517,1.0299,1.0336,0
2008-09-28,1.036,1.0844,1.0332,1.0827,0
2008-10-05,1.0835,1.2123,1.0814,1.1732,1
2008-10-12,1.1683,1.1997,1.1306,1.1824,1
2008-10-19,1.1822,1.2843,1.1741,1.2776,1
2008-10-26,1.2785,1.302,1.1901,1.2125,0
2008-11-02,1.2098,1.2119,1.1466,1.1889,0
2008-11-09,1.1774,1.2447,1.166,1.2283,0
2008-11-16,1.2388,1.2986,1.2111,1.2748,1
2008-11-23,1.2675,1.2776,1.2125,1.2357,0
2008-11-30,1.2369,1.3009,1.2306,1.27,0
2008-12-07,1.2712,1.2755,1.2158,1.249,0
2008-12-14,1.2465,1.2467,1.1819,1.2243,0
2008-12-21,1.2155,1.2253,1.1986,1.2221,0
2008-12-28,1.222,1.2363,1.2066,1.2151,0
2009-01-04,1.206,1.2227,1.1762,1.1886,-1
2009-01-11,1.1873,1.2673,1.1873,1.2483,0
2009-01-18,1.2435,1.2765,1.2268,1.2311,0
2009-01-25,1.2325,1.2419,1.2026,1.2269,0
2009-02-01,1.2281,1.2542,1.2226,1.2256,0
2009-02-08,1.222,1.255,1.213,1.2346,0
2009-02-15,1.2405,1.2673,1.2393,1.2508,0
2009-02-22,1.2504,1.2733,1.2358,1.2732,0
2009-03-01,1.2771,1.2976,1.2712,1.2877,1
2009-03-08,1.2853,1.3066,1.2626,1.2721,0
2009-03-15,1.2729,1.2788,1.2191,1.2412,0
2009-03-22,1.2395,1.2448,1.2203,1.2422,0
2009-03-29,1.2407,1.2717,1.2294,1.2298,0
2009-04-05,1.2296,1.2485,1.2212,1.2262,-1
2009-04-12,1.2254,1.2302,1.1982,1.2138,-1
2009-04-19,1.2136,1.2506,1.2073,1.2094,-1
2009-04-26,1.2111,1.2268,1.1829,1.1854,-1
2009-05-03,1.1865,1.1901,1.1489,1.1502,-1
2009-05-10,1.1492,1.181,1.1477,1.178,0
2009-05-17,1.1784,1.1816,1.1189,1.1197,0
2009-05-24,1.121,1.1357,1.0892,1.0907,-1
2009-05-31,1.0907,1.1208,1.0785,1.1191,0
2009-06-07,1.1204,1.1294,1.0941,1.1189,0
2009-06-14,1.1197,1.145,1.1182,1.1355,0
2009-06-21,1.1349,1.1639,1.1336,1.1526,0
2009-06-28,1.1524,1.1658,1.1439,1.1608,0
2009-07-05,1.162,1.1726,1.1542,1.1639,0
2009-07-12,1.1622,1.1671,1.1117,1.1134,0
2009-07-19,1.1151,1.1153,1.0793,1.0867,-1
2009-07-26,1.0854,1.0936,1.0751,1.0779,-1
2009-08-02,1.0772,1.0867,1.0633,1.0814,0
2009-08-09,1.0831,1.1077,1.0793,1.0983,0
2009-08-16,1.0997,1.1126,1.0764,1.0812,0
2009-08-23,1.0796,1.1023,1.072,1.0917,0
2009-08-30,1.0917,1.1105,1.0825,1.0882,0
2009-09-06,1.0865,1.0882,1.0673,1.0768,-1
2009-09-13,1.0774,1.0928,1.0593,1.069,-1
2009-09-20,1.0701,1.0985,1.0661,1.0913,0
2009-09-27,1.0911,1.0994,1.0671,1.0796,0
2009-10-04,1.0806,1.0823,1.041,1.0425,-1
2009-10-11,1.0431,1.0452,1.0206,1.0366,-1
2009-10-18,1.0389,1.0585,1.0265,1.0537,0
2009-10-25,1.053,1.085,1.0501,1.0846,0
2009-11-01,1.0848,1.0871,1.0595,1.0743,0
2009-11-08,1.072,1.0749,1.0416,1.0505,0
2009-11-15,1.0539,1.0734,1.0425,1.0699,0
2009-11-22,1.0703,1.0751,1.0448,1.0621,0
2009-11-29,1.0578,1.062,1.0406,1.0576,-1
2009-12-06,1.056,1.0671,1.0478,1.0602,0
2009-12-13,1.0602,1.0747,1.0551,1.0663,0
2009-12-20,1.0665,1.0701,1.0448,1.0501,0
2009-12-27,1.0503,1.0581,1.0368,1.052,0
2010-01-03,1.0518,1.0518,1.029,1.0301,0
2010-01-10,1.0282,1.0415,1.0223,1.0288,0
2010-01-17,1.0303,1.0604,1.0248,1.0577,0
2010-01-24,1.0575,1.0701,1.0531,1.0698,1
2010-01-31,1.0707,1.0783,1.0547,1.0688,0
2010-02-07,1.0688,1.0776,1.0478,1.0511,0
2010-02-14,1.0514,1.0534,1.0388,1.0399,-1
2010-02-21,1.0381,1.068,1.037,1.053,0
2010-02-28,1.0547,1.0575,1.0261,1.0301,0
2010-03-07,1.0284,1.0322,1.0154,1.0185,-1
2010-03-14,1.0171,1.0234,1.0061,1.0173,0
2010-03-21,1.0162,1.0304,1.0147,1.0272,0
2010-03-28,1.0252,1.0272,1.0065,1.0114,0
2010-04-04,1.0082,1.0105,0.9975,1.0029,-1
2010-04-11,1.0055,1.0166,0.9951,1.0126,0
2010-04-18,1.0152,1.0217,0.9928,0.9997,0
2010-04-25,0.9989,1.0198,0.9964,1.0175,0
2010-05-02,1.0162,1.0741,1.0099,1.0427,0
2010-05-09,1.0322,1.0393,1.0107,1.0353,0
2010-05-16,1.0356,1.0749,1.0242,1.0593,1
2010-05-23,1.0627,1.0852,1.044,1.0541,0
2010-05-30,1.052,1.0629,1.036,1.0625,0
2010-06-06,1.0608,1.068,1.0284,1.0328,0
2010-06-13,1.0351,1.0362,1.0204,1.0217,0
2010-06-20,1.0194,1.0471,1.0135,1.0356,0
2010-06-27,1.0351,1.0675,1.0316,1.0627,1
2010-07-04,1.0628,1.0679,1.0296,1.0332,0
2010-07-11,1.0322,1.0583,1.0274,1.0577,0
2010-07-18,1.0574,1.0587,1.0343,1.0362,0
2010-07-25,1.0381,1.0396,1.025,1.0297,0
2010-08-01,1.0292,1.0307,1.0103,1.0276,-1
2010-08-08,1.0271,1.0495,1.0253,1.0425,0
2010-08-15,1.0412,1.0514,1.0242,1.0478,0
2010-08-22,1.0492,1.0669,1.0442,1.0513,1
2010-08-29,1.0492,1.0673,1.0379,1.0389,0
2010-09-05,1.0393,1.0511,1.0287,1.0372,0
2010-09-12,1.0339,1.0351,1.021,1.0335,-1
2010-09-19,1.0332,1.0381,1.0189,1.0244,0
2010-09-26,1.0242,1.0362,1.0185,1.0202,-1
2010-10-03,1.0196,1.0273,1.0059,1.0109,-1
2010-10-10,1.0103,1.0185,0.9973,1.0099,-1
2010-10-17,1.0124,1.0373,1.0116,1.0259,0
2010-10-24,1.0255,1.0341,1.0151,1.0189,0
2010-10-31,1.0191,1.0204,0.9989,1.0004,-1
2010-11-07,1.0004,1.0147,0.9973,1.0091,0
2010-11-14,1.0114,1.0263,1.0055,1.0179,0
2010-11-21,1.0166,1.0265,1.0061,1.0204,0
2010-11-28,1.0163,1.0288,0.9999,1.0038,0
2010-12-05,1.0039,1.0143,1.0008,1.0098,0
2010-12-12,1.0102,1.0145,0.9999,1.0134,0
2010-12-19,1.0122,1.021,1.0048,1.0078,0
2010-12-26,1.0082,1.0113,0.9925,0.997,-1
2011-01-02,0.995,1.0035,0.9886,0.9913,-1
2011-01-09,0.9929,0.9985,0.9845,0.9895,-1
2011-01-16,0.9882,1.0032,0.9829,0.994,0
2011-01-23,0.9936,1.0019,0.9907,1.0003,0
2011-01-30,1.0015,1.0059,0.9829,0.9879,0
2011-02-06,0.9887,0.9989,0.9848,0.9872,-1
2011-02-13,0.9894,0.9906,0.9815,0.9862,-1
2011-02-20,0.9857,0.996,0.9775,0.9778,-1
2011-02-27,0.9786,0.9791,0.9683,0.9719,-1
2011-03-06,0.9732,0.9803,0.9666,0.9717,0
2011-03-13,0.9736,0.9975,0.9709,0.9846,0
2011-03-20,0.9853,0.9856,0.9731,0.9808,0
2011-03-27,0.9817,0.9823,0.9624,0.9636,0
2011-04-03,0.9646,0.9693,0.9524,0.9557,-1
2011-04-10,0.9557,0.9672,0.9544,0.9599,0
2011-04-17,0.9593,0.9725,0.9455,0.9548,-1
2011-04-24,0.9525,0.9577,0.9437,0.9446,-1
2011-05-01,0.9457,0.9713,0.9445,0.9656,0
2011-05-08,0.966,0.9747,0.9513,0.9683,0
2011-05-15,0.969,0.9793,0.9639,0.974,0
2011-05-22,0.9735,0.9818,0.9735,0.9758,1
2011-05-29,0.9778,0.9852,0.9653,0.978,0
2011-06-05,0.9778,0.9821,0.9709,0.9798,0
2011-06-12,0.979,0.99,0.9668,0.9794,1
2011-06-19,0.9808,0.9888,0.9699,0.9885,1
2011-06-26,0.9875,0.9916,0.958,0.9588,0
2011-07-03,0.959,0.9696,0.9567,0.9616,0
2011-07-10,0.9622,0.9779,0.9518,0.9536,0
2011-07-17,0.9542,0.9637,0.9422,0.9482,-1
2011-07-24,0.9484,0.959,0.9405,0.9552,0
2011-07-31,0.9557,0.9854,0.9489,0.9816,0
2011-08-07,0.9812,1.001,0.9764,0.987,1
2011-08-14,0.988,0.9939,0.9772,0.99,0
2011-08-21,0.9913,0.9925,0.979,0.9816,0
2011-08-28,0.9812,0.9859,0.9722,0.9857,0
2011-09-04,0.986,0.998,0.9828,0.9969,0
2011-09-11,0.998,1.0027,0.9778,0.9778,0
2011-09-18,0.9812,1.0362,0.9804,1.028,0
2011-09-25,1.0278,1.0505,1.0141,1.0501,1
2011-10-02,1.0482,1.0659,1.0232,1.0396,0
2011-10-09,1.0382,1.0389,1.0095,1.0097,0
2011-10-16,1.0105,1.0266,1.0042,1.0071,0
2011-10-23,1.0095,1.0213,0.9889,0.9919,0
2011-10-30,0.9924,1.0229,0.9911,1.0189,0
2011-11-06,1.0168,1.0266,1.0075,1.0124,0
2011-11-13,1.0081,1.0303,1.008,1.0269,0
2011-11-20,1.0276,1.0524,1.0269,1.0488,1
2011-11-27,1.0436,1.045,1.0078,1.0181,0
2011-12-04,1.0162,1.0263,1.005,1.0185,0
2011-12-11,1.0191,1.0425,1.0183,1.0379,0
2011-12-18,1.0367,1.0417,1.018,1.0198,0
2011-12-25,1.0213,1.0271,1.0126,1.0196,0
2012-01-01,1.0209,1.0273,1.0074,1.0272,0
2012-01-08,1.0284,1.032,1.0137,1.0225,0
2012-01-15,1.0244,1.0253,1.0069,1.013,0
2012-01-22,1.0143,1.0164,0.998,1.001,0
2012-01-29,1.0015,1.0072,0.9925,0.9931,-1
2012-02-05,0.9945,1.004,0.9924,1.0023,0
2012-02-12,1.0006,1.0053,0.9935,0.9959,0
2012-02-19,0.9934,1.0021,0.9905,0.9998,0
2012-02-26,0.9987,1.005,0.9839,0.989,0
2012-03-04,0.9893,1.0029,0.9869,0.9911,0
2012-03-11,0.9903,0.995,0.9879,0.9919,0
2012-03-18,0.9912,1.0034,0.9858,0.9981,0
2012-03-25,0.9981,1.002,0.9897,0.9979,0
2012-04-01,0.9954,1.0,0.9886,0.9973,0
2012-04-08,0.9972,1.0053,0.9924,0.9995,0
2012-04-15,0.9991,1.0034,0.9863,0.9917,0
2012-04-22,0.9926,0.998,0.9798,0.9805,-1
2012-04-29,0.9807,0.9965,0.9801,0.9955,0
2012-05-06,0.9949,1.0064,0.9922,1.0008,0
2012-05-13,1.0017,1.0229,0.9988,1.0221,1
2012-05-20,1.0214,1.0313,1.0151,1.0293,1
2012-05-27,1.0271,1.0444,1.0206,1.0406,1
2012-06-03,1.0394,1.0448,1.0208,1.0263,0
2012-06-10,1.0223,1.0326,1.02,1.0217,0
2012-06-17,1.0202,1.0301,1.0156,1.0244,0
2012-06-24,1.0257,1.0364,1.0162,1.0166,0
2012-07-01,1.0162,1.0208,1.0097,1.0194,0
2012-07-08,1.0194,1.025,1.0126,1.0145,0
2012-07-15,1.0143,1.0175,1.0063,1.0124,0
2012-07-22,1.0135,1.0232,1.0029,1.0034,0
2012-07-29,1.0042,1.0089,0.998,1.0013,-1
2012-08-05,1.0019,1.0025,0.9904,0.991,-1
2012-08-12,0.9913,0.9943,0.9859,0.9892,-1
2012-08-19,0.9889,0.995,0.984,0.9924,0
2012-08-26,0.9919,0.9934,0.9841,0.9865,0
2012-09-02,0.9871,0.9921,0.9765,0.9786,-1
2012-09-09,0.9779,0.979,0.9632,0.9718,-1
2012-09-16,0.9709,0.982,0.9694,0.9764,0
2012-09-23,0.9763,0.9863,0.9756,0.9838,0
2012-09-30,0.9836,0.9885,0.9732,0.9787,0
2012-10-07,0.9785,0.9836,0.9742,0.9803,0
2012-10-14,0.9788,0.994,0.9761,0.9937,0
2012-10-21,0.9939,0.9996,0.9887,0.9966,1
2012-10-28,0.9979,1.0023,0.9921,0.996,0
2012-11-04,0.9958,1.0034,0.9871,1.0017,0
2012-11-11,1.0011,1.0057,0.9983,1.0013,1
2012-11-18,1.0015,1.0019,0.9913,0.9929,0
2012-11-25,0.9932,0.9963,0.9904,0.9944,0
2012-12-02,0.9941,0.9956,0.9874,0.9885,0
2012-12-09,0.9882,0.9889,0.9822,0.9856,0
2012-12-16,0.9868,0.9956,0.983,0.9933,0
2012-12-23,0.993,0.9972,0.9903,0.997,1
2012-12-30,0.9965,0.9978,0.9834,0.9871,0
2013-01-06,0.9867,0.9888,0.9812,0.9848,-1
2013-01-13,0.984,0.9948,0.9829,0.9918,0
2013-01-20,0.9919,1.0101,0.9901,1.0057,0
2013-01-27,1.0057,1.0102,0.9954,0.9965,0
2013-02-03,0.9966,1.0036,0.993,1.0024,0
2013-02-10,1.0023,1.0088,0.9997,1.0063,1
2013-02-17,1.0063,1.0257,1.0056,1.0214,1
2013-02-24,1.0215,1.0343,1.0208,1.0269,1
2013-03-03,1.0271,1.0337,1.0234,1.0284,0
2013-03-10,1.029,1.0295,1.0179,1.0194,0
2013-03-17,1.0203,1.0286,1.0199,1.0232,0
2013-03-24,1.0231,1.0238,1.0145,1.0175,0
2013-03-31,1.0177,1.0238,1.0103,1.0175,0
2013-04-07,1.0172,1.0217,1.0082,1.0136,0
2013-04-14,1.0133,1.0296,1.0127,1.0265,0
2013-04-21,1.0257,1.0288,1.0156,1.0168,0
2013-04-28,1.0172,1.0173,1.0048,1.008,0
2013-05-05,1.0078,1.0154,1.0013,1.0099,0
2013-05-12,1.009,1.0315,1.008,1.028,0
2013-05-19,1.0276,1.0394,1.0215,1.0318,0
2013-05-26,1.031,1.0423,1.0292,1.0378,1
2013-06-02,1.036,1.0387,1.0168,1.0196,0
2013-06-09,1.0198,1.0252,1.0136,1.017,0
2013-06-16,1.0166,1.049,1.0147,1.0457,0
2013-06-23,1.0448,1.0558,1.0421,1.052,1
2013-06-30,1.0515,1.061,1.0469,1.0579,1
2013-07-07,1.0565,1.0589,1.0324,1.0394,0
2013-07-14,1.0387,1.0444,1.0353,1.0368,0
2013-07-21,1.0364,1.037,1.0253,1.0282,0
2013-07-28,1.0282,1.0404,1.0246,1.0387,0
2013-08-04,1.0385,1.0448,1.0274,1.0288,0
2013-08-11,1.0293,1.037,1.0278,1.0337,0
2013-08-18,1.0332,1.057,1.0314,1.0495,0
2013-08-25,1.0499,1.0562,1.0472,1.0537,1
2013-09-01,1.0522,1.0562,1.0381,1.0404,0
2013-09-08,1.0409,1.0421,1.0304,1.0352,-1
2013-09-15,1.0351,1.0358,1.0179,1.0305,-1
2013-09-22,1.0299,1.0343,1.0272,1.0307,0
2013-09-29,1.0303,1.0358,1.0273,1.0295,-1
2013-10-06,1.0291,1.0422,1.0288,1.035,0
2013-10-13,1.0349,1.0393,1.0274,1.0286,-1
2013-10-20,1.029,1.0463,1.0269,1.0448,0
2013-10-27,1.0452,1.0499,1.041,1.0421,0
2013-11-03,1.0423,1.0505,1.0396,1.048,0
2013-11-10,1.0479,1.0527,1.0433,1.0439,0
2013-11-17,1.0437,1.057,1.0413,1.0514,0
2013-11-24,1.0516,1.063,1.0511,1.0615,1
2013-12-01,1.0614,1.0709,1.0602,1.0636,1
2013-12-08,1.0639,1.0673,1.0559,1.0586,0
2013-12-15,1.0586,1.0738,1.0571,1.0635,0
2013-12-22,1.064,1.0721,1.058,1.0706,0
2013-12-29,1.0703,1.0731,1.0589,1.0635,0
2014-01-05,1.0637,1.0947,1.0611,1.0895,0
2014-01-12,1.0891,1.0993,1.0841,1.0962,1
2014-01-19,1.096,1.1175,1.0929,1.1088,1
2014-01-26,1.1083,1.1227,1.103,1.1129,1
2014-02-02,1.1128,1.1135,1.0965,1.1033,0
2014-02-09,1.1033,1.1091,1.0938,1.0978,0
2014-02-16,1.0991,1.118,1.0908,1.1111,0
2014-02-23,1.1112,1.116,1.1039,1.1065,0
2014-03-02,1.1055,1.1119,1.0953,1.1083,0
2014-03-09,1.1079,1.1156,1.1041,1.1104,1
2014-03-16,1.11,1.128,1.1023,1.122,0
2014-03-23,1.1218,1.1247,1.0999,1.1061,0
2014-03-30,1.1065,1.1074,1.0957,1.0981,0
2014-04-06,1.0978,1.1012,1.0856,1.0981,0
2014-04-13,1.0964,1.1037,1.0941,1.1017,0
2014-04-20,1.1018,1.1057,1.0999,1.1039,0
2014-04-27,1.103,1.1039,1.0934,1.0974,0
2014-05-04,1.0976,1.0991,1.0813,1.0896,-1
2014-05-11,1.09,1.0929,1.0851,1.0857,0
2014-05-18,1.0859,1.0942,1.0848,1.0862,0
2014-05-25,1.087,1.0888,1.082,1.0843,-1
2014-06-01,1.0846,1.0963,1.0838,1.0935,0
2014-06-08,1.0926,1.0941,1.0838,1.0856,0
2014-06-15,1.0857,1.0888,1.0749,1.0758,-1
2014-06-22,1.0761,1.0765,1.0658,1.0668,-1
2014-06-29,1.0659,1.0698,1.0618,1.0655,-1
2014-07-06,1.0653,1.0738,1.0628,1.0733,0
2014-07-13,1.0736,1.0796,1.0708,1.0732,0
2014-07-20,1.0736,1.0822,1.071,1.0813,0
2014-07-27,1.0814,1.0945,1.0795,1.0917,0
2014-08-03,1.0915,1.0988,1.0903,1.0974,1
2014-08-10,1.0973,1.0978,1.0858,1.0896,0
2014-08-17,1.0892,1.0989,1.0874,1.0947,0
2014-08-24,1.0957,1.1,1.0811,1.0878,0
2014-08-31,1.0877,1.0943,1.0819,1.088,0
2014-09-07,1.0881,1.1099,1.0878,1.1094,1
2014-09-14,1.1092,1.1099,1.0885,1.0962,0
2014-09-21,1.0955,1.1172,1.0926,1.1154,0
2014-09-28,1.1154,1.1271,1.1068,1.1243,1
2014-10-05,1.1252,1.1265,1.1079,1.12,0
2014-10-12,1.1178,1.1387,1.1171,1.1278,0
2014-10-19,1.1272,1.1299,1.1183,1.1232,0
2014-10-26,1.1236,1.1334,1.1119,1.1266,0
2014-11-02,1.1264,1.1467,1.1262,1.1327,1
2014-11-09,1.1329,1.1402,1.1261,1.1288,0
2014-11-16,1.1285,1.1369,1.1191,1.1231,0
2014-11-23,1.124,1.1445,1.1222,1.1415,0
2014-11-30,1.142,1.1476,1.1311,1.1439,1
2014-12-07,1.1445,1.1592,1.1396,1.1583,1
2014-12-14,1.1578,1.1674,1.1546,1.1601,1
2014-12-21,1.1597,1.1667,1.1577,1.1626,0
2014-12-28,1.1618,1.1786,1.1564,1.1784,0
2015-01-04,1.1779,1.189,1.1729,1.1867,1
2015-01-11,1.1864,1.2046,1.1801,1.1985,1
2015-01-18,1.1975,1.2456,1.1931,1.242,1
2015-01-25,1.2443,1.2798,1.2377,1.2732,1
2015-02-01,1.2732,1.2774,1.2353,1.2526,0
2015-02-08,1.2537,1.2699,1.242,1.2449,0
2015-02-15,1.2447,1.2566,1.2361,1.2528,0
2015-02-22,1.2529,1.2665,1.2385,1.2508,0
2015-03-01,1.2481,1.2629,1.2407,1.2622,0
2015-03-08,1.2622,1.2825,1.2572,1.2784,1
2015-03-15,1.2775,1.2836,1.2477,1.2551,0
2015-03-22,1.2555,1.2623,1.2408,1.261,0
2015-03-29,1.2599,1.2785,1.2428,1.2484,0
2015-04-05,1.2452,1.2669,1.2386,1.2562,0
2015-04-12,1.2577,1.2648,1.2087,1.225,0
2015-04-19,1.2222,1.2307,1.2101,1.218,-1
2015-04-26,1.2182,1.2205,1.1943,1.2159,-1
2015-05-03,1.2158,1.2183,1.1941,1.2071,0
2015-05-10,1.2078,1.2147,1.1919,1.2012,0
2015-05-17,1.2012,1.2324,1.1999,1.2279,0
2015-05-24,1.2285,1.2539,1.2275,1.2448,0
2015-05-31,1.2442,1.2565,1.2366,1.2439,0
2015-06-07,1.2441,1.2473,1.2201,1.2322,0
2015-06-14,1.2316,1.2361,1.2126,1.2266,0
2015-06-21,1.2267,1.2424,1.2217,1.2318,0
2015-06-28,1.2343,1.2635,1.2304,1.2574,1
2015-07-05,1.2572,1.2782,1.2563,1.2658,1
2015-07-12,1.2672,1.3008,1.2669,1.2971,1
2015-07-19,1.2971,1.3103,1.2914,1.3049,1
2015-07-26,1.3036,1.3095,1.2861,1.3089,1
2015-08-02,1.3095,1.3215,1.3049,1.313,1
2015-08-09,1.3131,1.3182,1.295,1.3088,0
2015-08-16,1.3087,1.3189,1.3022,1.3186,1
2015-08-23,1.3184,1.3354,1.3146,1.3201,1
2015-08-30,1.3202,1.3329,1.3116,1.3284,0
2015-09-06,1.3275,1.3311,1.3153,1.3262,0
2015-09-13,1.326,1.3283,1.3011,1.3227,0
2015-09-20,1.3204,1.3417,1.3174,1.3337,1
2015-09-27,1.3333,1.3457,1.3149,1.3149,0
2015-10-04,1.3155,1.3176,1.2899,1.2943,0
2015-10-11,1.2952,1.3082,1.283,1.2911,-1
2015-10-18,1.2915,1.32,1.29,1.3164,0
2015-10-25,1.3163,1.3281,1.3054,1.3078,0
2015-11-01,1.3075,1.3317,1.3034,1.3307,0
2015-11-08,1.3301,1.3351,1.3222,1.3323,1
2015-11-15,1.3322,1.3372,1.3244,1.3343,1
2015-11-22,1.3337,1.3437,1.3277,1.3372,1
2015-11-29,1.3366,1.3417,1.3291,1.3362,0
2015-12-06,1.3366,1.3759,1.3363,1.3756,1
2015-12-13,1.3749,1.4001,1.3671,1.3955,1
2015-12-20,1.3938,1.3996,1.3796,1.3822,0
2015-12-27,1.3816,1.3941,1.3814,1.3849,0
2016-01-03,1.3838,1.418,1.3814,1.417,0
2016-01-10,1.4168,1.4554,1.4063,1.454,1
2016-01-17,1.4543,1.4691,1.4113,1.4117,0
2016-01-24,1.4118,1.4327,1.3948,1.3973,0
2016-01-31,1.3973,1.4103,1.3637,1.3915,0
2016-02-07,1.391,1.4017,1.3785,1.3847,0
2016-02-14,1.3852,1.3912,1.3651,1.3766,0
2016-02-21,1.3765,1.3861,1.3503,1.3513,0
2016-02-28,1.3511,1.3589,1.3311,1.3315,-1
2016-03-06,1.3315,1.3447,1.3166,1.321,-1
2016-03-13,1.3212,1.3406,1.2921,1.3001,-1
2016-03-20,1.3003,1.3298,1.2994,1.3275,0
2016-03-27,1.3272,1.3287,1.2855,1.3012,0
2016-04-03,1.3012,1.3219,1.295,1.2988,-1
2016-04-10,1.2987,1.3017,1.2748,1.2822,-1
2016-04-17,1.294,1.2992,1.2592,1.267,0
2016-04-24,1.2675,1.2718,1.2497,1.2553,-1
2016-05-01,1.255,1.2953,1.246,1.2909,0
2016-05-08,1.2909,1.3015,1.277,1.2941,0
2016-05-15,1.2925,1.3163,1.2836,1.3113,0
2016-05-22,1.3113,1.319,1.2909,1.3019,0
2016-05-29,1.3016,1.3145,1.2913,1.2934,0
2016-06-05,1.2938,1.2984,1.2653,1.2785,0
2016-06-12,1.278,1.3088,1.275,1.2895,0
2016-06-19,1.2892,1.3102,1.2679,1.3006,0
2016-06-26,1.2978,1.3121,1.2861,1.2917,0
2016-07-03,1.2915,1.3091,1.2829,1.3044,0
2016-07-10,1.3047,1.314,1.2859,1.2971,0
2016-07-17,1.2947,1.3186,1.2925,1.3126,0
2016-07-24,1.314,1.3253,1.3,1.303,0
2016-07-31,1.3028,1.3202,1.2995,1.3168,0
2016-08-07,1.3177,1.3191,1.2922,1.2948,0
2016-08-14,1.2954,1.2976,1.2761,1.2872,0
2016-08-21,1.287,1.3012,1.283,1.3003,0
2016-08-28,1.2996,1.3149,1.2973,1.2998,1
2016-09-04,1.2993,1.3054,1.282,1.3048,0
2016-09-11,1.3044,1.3249,1.3027,1.3209,1
2016-09-18,1.3209,1.3243,1.2997,1.3168,0
2016-09-25,1.3167,1.3282,1.3046,1.3129,0
2016-10-02,1.3134,1.3314,1.3067,1.3298,0
2016-10-09,1.328,1.3308,1.3103,1.314,0
2016-10-16,1.3139,1.3356,1.3004,1.3333,0
2016-10-23,1.3333,1.3433,1.3275,1.3398,1
2016-10-30,1.3395,1.3466,1.3351,1.3404,1
2016-11-06,1.3406,1.3551,1.3263,1.3543,0
2016-11-13,1.3524,1.359,1.3399,1.3501,0
2016-11-20,1.35,1.3537,1.3376,1.353,1
2016-11-27,1.352,1.3539,1.3253,1.3294,0
2016-12-04,1.3297,1.3359,1.3152,1.3179,0
2016-12-11,1.3155,1.3421,1.3082,1.3336,0
2016-12-18,1.334,1.3558,1.3317,1.3536,0
2016-12-25,1.3531,1.36,1.3401,1.3433,0
2017-01-01,1.3438,1.3461,1.3175,1.3236,0
2017-01-08,1.3237,1.3296,1.303,1.3113,-1
2017-01-15,1.311,1.3388,1.3017,1.3322,0
2017-01-22,1.3324,1.3337,1.3054,1.3153,0
2017-01-29,1.3147,1.317,1.2968,1.3023,-1
2017-02-05,1.3026,1.3216,1.3008,1.3081,0
2017-02-12,1.309,1.3127,1.3009,1.3099,0
2017-02-19,1.3104,1.321,1.3055,1.3091,0
2017-02-26,1.3104,1.3438,1.3083,1.3377,0
2017-03-05,1.3375,1.3536,1.3371,1.3471,0
2017-03-12,1.3457,1.3496,1.3276,1.335,0
2017-03-19,1.3345,1.341,1.3264,1.3379,0
2017-03-26,1.3377,1.3416,1.3277,1.3313,0
2017-04-02,1.3304,1.3457,1.33,1.3406,0
2017-04-09,1.3401,1.3428,1.3221,1.3326,0
2017-04-16,1.3323,1.3526,1.3262,1.3499,0
2017-04-23,1.3498,1.3699,1.341,1.3652,1
2017-04-30,1.3655,1.3795,1.3636,1.3652,0
2017-05-07,1.3665,1.3772,1.3642,1.371,0
2017-05-14,1.3696,1.3723,1.3509,1.3514,0
2017-05-21,1.352,1.3542,1.3388,1.3446,0
2017-05-28,1.3447,1.3548,1.3426,1.3482,0
2017-06-04,1.3493,1.3541,1.3422,1.347,0
2017-06-11,1.3458,1.3472,1.3165,1.3212,0
2017-06-18,1.3217,1.3349,1.3191,1.3267,0
2017-06-25,1.3267,1.3274,1.2948,1.2965,-1
2017-07-02,1.2966,1.3016,1.2859,1.2876,-1
2017-07-09,1.2879,1.2945,1.2642,1.264,-1
2017-07-16,1.2645,1.2703,1.2522,1.2537,-1
2017-07-23,1.2538,1.2576,1.2414,1.2432,-1
2017-07-30,1.244,1.2669,1.2431,1.265,0
2017-08-06,1.2649,1.2754,1.2629,1.2681,0
2017-08-13,1.2672,1.278,1.2555,1.2584,-1
2017-08-20,1.2568,1.2608,1.2463,1.2479,-1
2017-08-27,1.2475,1.2665,1.2339,1.2394,-1
2017-09-03,1.2401,1.243,1.2059,1.2152,-1
2017-09-10,1.2158,1.2241,1.208,1.2192,0
2017-09-17,1.2195,1.2392,1.217,1.2336,0
2017-09-24,1.2335,1.2529,1.2311,1.2467,0
2017-10-01,1.2475,1.2599,1.2446,1.2534,0
2017-10-08,1.2533,1.256,1.2431,1.2466,0
2017-10-15,1.2478,1.2631,1.2448,1.2624,0
2017-10-22,1.2624,1.2917,1.2611,1.2805,0
2017-10-29,1.2818,1.2916,1.2713,1.2761,0
2017-11-05,1.2765,1.2821,1.2664,1.268,0
2017-11-12,1.2684,1.2825,1.2677,1.2761,0
2017-11-19,1.2767,1.2838,1.267,1.2713,0
2017-11-26,1.2712,1.2911,1.2678,1.2681,0
2017-12-03,1.2687,1.2881,1.2622,1.2843,0
2017-12-10,1.2854,1.2893,1.2711,1.286,1
2017-12-17,1.2874,1.2921,1.2695,1.2731,0
2017-12-24,1.2724,1.2742,1.2513,1.2577,0
2017-12-31,1.2579,1.2581,1.2353,1.2407,-1
2018-01-07,1.2415,1.2591,1.2377,1.2455,0
2018-01-14,1.2465,1.2539,1.237,1.2487,0
2018-01-21,1.2487,1.2519,1.228,1.2309,0
2018-01-28,1.2316,1.2438,1.2248,1.2424,0
2018-02-04,1.2433,1.2685,1.2397,1.2576,0
2018-02-11,1.2586,1.265,1.2448,1.2555,0
2018-02-18,1.255,1.2759,1.2527,1.2628,0
2018-02-25,1.2645,1.2917,1.2614,1.2878,0
2018-03-04,1.2874,1.3003,1.2807,1.281,0
2018-03-11,1.2825,1.31,1.2802,1.3095,0
2018-03-18,1.31,1.3126,1.2821,1.2891,0
2018-03-25,1.2893,1.2937,1.2813,1.2891,0
2018-04-01,1.2902,1.2945,1.2731,1.2782,0
2018-04-08,1.2772,1.2821,1.2543,1.261,0
2018-04-15,1.2606,1.277,1.2524,1.2757,0
2018-04-22,1.2756,1.2902,1.2747,1.2826,0
2018-04-29,1.2836,1.2919,1.2801,1.2844,1
2018-05-06,1.2845,1.2999,1.2727,1.2791,0
2018-05-13,1.279,1.2925,1.2747,1.288,0
2018-05-20,1.2881,1.2989,1.274,1.297,1
2018-05-27,1.2972,1.3048,1.2816,1.2947,0
2018-06-03,1.2951,1.3068,1.2857,1.2924,0
2018-06-10,1.2973,1.321,1.2947,1.3199,1
2018-06-17,1.3196,1.3383,1.3159,1.3269,1
2018-06-24,1.3276,1.3387,1.3128,1.313,0
2018-07-01,1.3141,1.3226,1.3074,1.308,0
2018-07-08,1.3093,1.322,1.3063,1.3159,0
2018-07-15,1.3162,1.3291,1.3107,1.3147,0
2018-07-22,1.3139,1.3192,1.3022,1.3051,0
2018-07-29,1.3053,1.3097,1.2966,1.2988,0
2018-08-05,1.2991,1.3155,1.296,1.3143,0
2018-08-12,1.3148,1.3177,1.3047,1.3058,0
2018-08-19,1.3061,1.3105,1.2984,1.3027,0
2018-08-26,1.3029,1.309,1.2885,1.3037,0
2018-09-02,1.3039,1.3228,1.3039,1.3154,0
2018-09-09,1.3173,1.3199,1.2973,1.3031,0
2018-09-16,1.3037,1.3066,1.2882,1.2913,-1
2018-09-23,1.2915,1.3083,1.2903,1.2904,-1
2018-09-30,1.2902,1.2956,1.278,1.2935,0
2018-10-07,1.2944,1.3073,1.2924,1.3021,0
2018-10-14,1.3023,1.3133,1.2914,1.3097,1
2018-10-21,1.3096,1.3161,1.2967,1.3105,0
2018-10-28,1.3108,1.3172,1.3046,1.3107,0
2018-11-04,1.3105,1.3233,1.3054,1.3209,0
2018-11-11,1.3196,1.3265,1.3125,1.3143,0
2018-11-18,1.3146,1.332,1.314,1.3234,0
2018-11-25,1.3233,1.3361,1.3186,1.3293,1
2018-12-02,1.3258,1.3446,1.3159,1.3319,0
2018-12-09,1.3322,1.3426,1.329,1.3382,1
2018-12-16,1.3381,1.3604,1.3371,1.3598,1
2018-12-23,1.3599,1.3662,1.3564,1.3637,1
2018-12-30,1.3631,1.3666,1.3371,1.3372,0
2019-01-06,1.3376,1.3391,1.3178,1.3264,0
2019-01-13,1.3262,1.332,1.3224,1.3257,0
2019-01-20,1.3248,1.3376,1.3212,1.3217,0
2019-01-27,1.3218,1.3289,1.3066,1.3098,0
2019-02-03,1.3112,1.333,1.3084,1.3276,0
2019-02-10,1.3281,1.3343,1.3194,1.3243,0
2019-02-17,1.3241,1.3284,1.3131,1.3136,-1
2019-02-24,1.3144,1.3312,1.3111,1.3295,0
2019-03-03,1.3293,1.3471,1.3274,1.3413,0
2019-03-10,1.3418,1.3442,1.3285,1.3334,0
2019-03-17,1.3349,1.3434,1.3248,1.3426,0
2019-03-24,1.3432,1.3454,1.3339,1.3344,0
2019-03-31,1.3354,1.3404,1.3294,1.3382,0
2019-04-07,1.3391,1.3399,1.3279,1.332,0
2019-04-14,1.3339,1.3404,1.3272,1.339,1
2019-04-21,1.3388,1.3522,1.3333,1.3453,1
2019-04-28,1.3456,1.3491,1.3375,1.342,0
2019-05-05,1.3434,1.3506,1.3378,1.3412,0
2019-05-12,1.342,1.3515,1.3398,1.3455,0
2019-05-19,1.3462,1.3504,1.3355,1.3436,0
2019-05-26,1.3433,1.3566,1.3428,1.3512,1
2019-06-02,1.3521,1.3529,1.326,1.3265,0
2019-06-09,1.3248,1.3424,1.3225,1.3411,0
2019-06-16,1.3405,1.3434,1.3149,1.3221,0
2019-06-23,1.322,1.3223,1.3057,1.309,-1
2019-06-30,1.3092,1.3147,1.3035,1.3075,-1
2019-07-07,1.3071,1.3145,1.3016,1.3029,-1
2019-07-14,1.3035,1.3111,1.3014,1.306,0
2019-07-21,1.3066,1.3199,1.3039,1.3166,0
2019-07-28,1.3168,1.3267,1.3103,1.3204,0
2019-08-04,1.321,1.3346,1.3175,1.3226,0
2019-08-11,1.3226,1.334,1.3184,1.327,0
2019-08-18,1.3273,1.3346,1.325,1.3278,1
2019-08-25,1.3294,1.3334,1.3223,1.331,0
2019-09-01,1.3313,1.3384,1.3156,1.317,0
2019-09-08,1.3173,1.3289,1.3131,1.3283,0
2019-09-15,1.3226,1.3311,1.3205,1.3259,0
2019-09-22,1.3256,1.3306,1.3211,1.3244,0
2019-09-29,1.3246,1.3348,1.3203,1.3313,0
2019-10-06,1.3314,1.3347,1.3168,1.3196,0
2019-10-13,1.3198,1.324,1.3117,1.3124,-1
2019-10-20,1.3126,1.3144,1.3051,1.3058,-1
2019-10-27,1.3061,1.3209,1.3039,1.3134,0
2019-11-03,1.3132,1.3238,1.311,1.3228,0
2019-11-10,1.3221,1.3272,1.321,1.3221,0
2019-11-17,1.3224,1.3329,1.3188,1.3301,0
2019-11-24,1.3302,1.332,1.3258,1.3275,0
2019-12-01,1.3279,1.3322,1.3156,1.3255,0
2019-12-08,1.3256,1.3267,1.3149,1.3165,0
2019-12-15,1.317,1.3187,1.31,1.3146,-1
2019-12-22,1.3148,1.3178,1.3062,1.3076,0
2019-12-29,1.3075,1.3086,1.2949,1.2999,-1
2020-01-05,1.2984,1.3106,1.2954,1.305,0
2020-01-12,1.3051,1.3081,1.303,1.3063,0
2020-01-19,1.3062,1.3173,1.3034,1.3142,0
2020-01-26,1.3145,1.3254,1.3145,1.3235,0
2020-02-02,1.3238,1.3321,1.3227,1.3311,0
2020-02-09,1.3304,1.3331,1.3233,1.3252,0
2020-02-16,1.325,1.328,1.32,1.3222,0
2020-02-23,1.3248,1.3466,1.3234,1.3396,1
2020-03-01,1.3412,1.3446,1.3314,1.3423,1
2020-03-08,1.3462,1.3996,1.3461,1.3803,1
2020-03-15,1.3836,1.4669,1.3732,1.4362,1
2020-03-22,1.4348,1.4562,1.392,1.3977,0
2020-03-29,1.3992,1.435,1.3991,1.4201,0
2020-04-05,1.4195,1.4262,1.3929,1.3952,0
2020-04-12,1.3941,1.4183,1.3854,1.3998,0
2020-04-19,1.4008,1.4266,1.3998,1.4102,0
2020-04-26,1.4108,1.4117,1.3848,1.4084,0
2020-05-03,1.4073,1.4174,1.3906,1.3925,0
2020-05-10,1.3937,1.4141,1.39,1.4108,0
2020-05-17,1.4101,1.4118,1.3864,1.3994,0
2020-05-24,1.3998,1.4009,1.3712,1.3769,0
2020-05-31,1.3782,1.3802,1.3389,1.3424,-1
2020-06-07,1.3426,1.3668,1.3313,1.3583,0
2020-06-14,1.3593,1.3687,1.3502,1.3603,0
2020-06-21,1.36,1.3716,1.3484,1.3688,0
2020-06-28,1.3674,1.3706,1.3543,1.3545,0
2020-07-05,1.355,1.3633,1.3489,1.3591,0
2020-07-12,1.3593,1.3648,1.35,1.3576,0
2020-07-19,1.3578,1.3601,1.3349,1.3413,0
2020-07-26,1.3429,1.3461,1.3329,1.3413,-1
2020-08-02,1.3401,1.3452,1.3231,1.3383,-1
2020-08-09,1.3378,1.3396,1.319,1.3266,0
2020-08-16,1.3257,1.3264,1.3133,1.3175,-1
2020-08-23,1.3185,1.324,1.3045,1.3097,-1
2020-08-30,1.3102,1.3163,1.2992,1.3061,-1
2020-09-06,1.3054,1.3261,1.305,1.3174,0
2020-09-13,1.3187,1.3248,1.3125,1.3204,0
2020-09-20,1.3192,1.342,1.3171,1.3384,0
2020-09-27,1.3386,1.3421,1.3266,1.3307,0
2020-10-04,1.3302,1.3342,1.3107,1.3118,0
2020-10-11,1.313,1.3261,1.3097,1.3187,0
2020-10-18,1.3193,1.3205,1.3079,1.3121,0
2020-10-25,1.3137,1.3391,1.313,1.3317,0
2020-11-01,1.3316,1.3371,1.3017,1.3055,0
2020-11-08,1.3062,1.3174,1.2926,1.3131,0
2020-11-15,1.3138,1.3143,1.3032,1.3096,0
2020-11-22,1.3091,1.3113,1.297,1.299,0
2020-11-29,1.299,1.3011,1.277,1.278,-1
2020-12-06,1.278,1.2835,1.2704,1.2772,-1
2020-12-13,1.2773,1.28,1.2686,1.2783,0
2020-12-20,1.2782,1.2958,1.2781,1.2869,0
2020-12-27,1.2867,1.2878,1.2712,1.2727,-1
2021-01-03,1.2725,1.2799,1.2628,1.2683,-1
2021-01-10,1.2691,1.2837,1.2623,1.2732,0
2021-01-17,1.2734,1.2801,1.2588,1.2735,0
2021-01-24,1.2719,1.2882,1.2683,1.2777,0
2021-01-31,1.2777,1.2871,1.2749,1.2751,-1
2021-02-07,1.2767,1.2784,1.2658,1.2694,-1
2021-02-14,1.2694,1.2746,1.2592,1.261,-1
2021-02-21,1.2623,1.2751,1.2466,1.2739,0
2021-02-28,1.2723,1.274,1.2573,1.2655,0
2021-03-07,1.2662,1.2701,1.2459,1.2471,0
2021-03-14,1.2471,1.2549,1.2363,1.2497,0
2021-03-21,1.2502,1.263,1.2471,1.2576,0
2021-03-28,1.2574,1.2648,1.2525,1.2573,0
2021-04-04,1.2576,1.2636,1.2499,1.2527,-1
2021-04-11,1.2534,1.263,1.2474,1.2504,-1
2021-04-18,1.2494,1.2653,1.2457,1.2475,-1
2021-04-25,1.2482,1.2492,1.2264,1.2289,-1
2021-05-02,1.2289,1.2352,1.2123,1.213,-1
2021-05-09,1.2157,1.2204,1.2044,1.2102,-1
2021-05-16,1.2098,1.2146,1.2011,1.2066,-1
2021-05-23,1.2061,1.2142,1.2027,1.2068,0
2021-05-30,1.207,1.2134,1.2004,1.2079,0
2021-06-06,1.2075,1.2178,1.2054,1.2155,0
2021-06-13,1.2149,1.2481,1.2126,1.2462,0
2021-06-20,1.2465,1.2487,1.225,1.2294,0
2021-06-27,1.2294,1.2451,1.2285,1.2319,0
2021-07-04,1.232,1.2592,1.23,1.2446,0
2021-07-11,1.2442,1.2622,1.2429,1.2611,0
2021-07-18,1.261,1.2809,1.2523,1.2561,0
2021-07-25,1.2564,1.2606,1.242,1.247,0
2021-08-01,1.2479,1.2582,1.245,1.2552,0
2021-08-08,1.2552,1.2591,1.2486,1.2513,0
2021-08-15,1.2519,1.295,1.251,1.2821,0
2021-08-22,1.2821,1.2842,1.2576,1.2626,0
2021-08-29,1.2622,1.2655,1.2491,1.2526,0
2021-09-05,1.2526,1.2763,1.2515,1.2689,0
2021-09-12,1.2686,1.2773,1.2598,1.2766,1
2021-09-19,1.2765,1.2896,1.263,1.2652,0
2021-09-26,1.2655,1.2775,1.2591,1.2647,0
2021-10-03,1.2651,1.2656,1.2449,1.2469,0
2021-10-10,1.2476,1.25,1.2335,1.2366,-1
2021-10-17,1.2371,1.2411,1.2288,1.2367,-1
2021-10-24,1.2369,1.2433,1.2301,1.2387,0
2021-10-31,1.2394,1.248,1.235,1.2454,0
2021-11-07,1.2462,1.2606,1.2385,1.2542,0
2021-11-14,1.255,1.2664,1.249,1.2638,1
2021-11-21,1.2634,1.2801,1.2625,1.2786,0
2021-11-28,1.2793,1.2855,1.2711,1.2842,1
2021-12-05,1.2828,1.2844,1.2607,1.272,0
2021-12-12,1.2725,1.2938,1.2705,1.2886,1
2021-12-19,1.2893,1.2965,1.2786,1.281,0
2021-12-26,1.2812,1.2849,1.2621,1.2634,0
2022-01-02,1.2634,1.2815,1.2629,1.2644,0
2022-01-09,1.2649,1.2699,1.2451,1.2553,0
2022-01-16,1.2556,1.2589,1.245,1.2581,0
2022-01-23,1.2583,1.2798,1.2553,1.2761,0
2022-01-30,1.2764,1.2789,1.265,1.2764,0
2022-02-06,1.2763,1.2763,1.2636,1.2736,0
2022-02-13,1.2744,1.2785,1.2664,1.2749,0
2022-02-20,1.2751,1.2879,1.2681,1.2705,0
2022-02-27,1.2764,1.2811,1.2586,1.273,0
2022-03-06,1.2732,1.2902,1.2685,1.2743,0
2022-03-13,1.2744,1.2873,1.2588,1.2602,0
2022-03-20,1.2604,1.2627,1.2464,1.2473,-1
2022-03-27,1.2479,1.2594,1.2428,1.2518,0
2022-04-03,1.252,1.2621,1.2402,1.2568,0
2022-04-10,1.2571,1.2678,1.2521,1.2611,0
2022-04-17,1.2613,1.2728,1.2457,1.271,0
2022-04-24,1.2707,1.2881,1.2683,1.2856,0
2022-05-01,1.284,1.2915,1.2711,1.2905,1
2022-05-08,1.2907,1.3078,1.2893,1.2908,1
2022-05-15,1.2925,1.2983,1.2775,1.2836,0
2022-05-22,1.2844,1.2886,1.2717,1.2723,0
2022-05-29,1.2732,1.2736,1.255,1.2593,0
2022-06-05,1.2591,1.2814,1.2516,1.2781,0
2022-06-12,1.2783,1.308,1.2773,1.3026,1
2022-06-19,1.3031,1.304,1.2889,1.2893,0
2022-06-26,1.2895,1.2968,1.2818,1.2883,0
2022-07-03,1.2888,1.3085,1.2837,1.2948,0
2022-07-10,1.295,1.3225,1.2936,1.303,0
2022-07-17,1.3024,1.303,1.2823,1.2914,0
2022-07-24,1.2916,1.2947,1.2788,1.2793,0
2022-07-31,1.2815,1.2986,1.2766,1.293,0
2022-08-07,1.2932,1.2952,1.2727,1.2773,0
2022-08-14,1.277,1.301,1.2769,1.2993,0
2022-08-21,1.2997,1.3065,1.2895,1.3033,1
2022-08-28,1.303,1.3209,1.2971,1.3132,1
2022-09-04,1.3128,1.321,1.2981,1.3026,0
2022-09-11,1.3024,1.3309,1.2953,1.326,0
2022-09-18,1.3269,1.3613,1.3226,1.3589,1
2022-09-25,1.3591,1.384,1.3558,1.3826,1
2022-10-02,1.3816,1.3828,1.3503,1.3737,0
2022-10-09,1.3735,1.3979,1.3702,1.388,1
2022-10-16,1.3877,1.3881,1.3628,1.3638,0
2022-10-23,1.3649,1.3776,1.3494,1.36,0
2022-10-30,1.3615,1.3809,1.3469,1.3478,0
2022-11-06,1.3543,1.3572,1.3235,1.3254,0
2022-11-13,1.3256,1.3411,1.3226,1.3384,0
2022-11-20,1.3386,1.3497,1.3316,1.3377,0
2022-11-27,1.3398,1.3647,1.339,1.3468,0
2022-12-04,1.3465,1.3701,1.3384,1.365,0
2022-12-11,1.3635,1.3707,1.3519,1.37,0
2022-12-18,1.3679,1.3706,1.3562,1.3598,0
2022-12-25,1.3611,1.3617,1.3484,1.3549,0
2023-01-01,1.3551,1.3686,1.3432,1.3442,0
2023-01-08,1.3444,1.3457,1.3321,1.3396,-1
2023-01-15,1.3398,1.3521,1.335,1.338,0
2023-01-22,1.3385,1.3429,1.3299,1.3309,0
2023-01-29,1.3312,1.3472,1.3261,1.3396,0
2023-02-05,1.3391,1.3477,1.3338,1.3344,0
2023-02-12,1.3347,1.3539,1.3274,1.347,0
2023-02-19,1.3477,1.3666,1.3441,1.3609,0
2023-02-26,1.3613,1.3661,1.3534,1.3593,0
2023-03-05,1.3595,1.3863,1.3582,1.3827,0
2023-03-12,1.3819,1.3827,1.3651,1.3727,0
2023-03-19,1.3725,1.3806,1.363,1.3744,0
2023-03-26,1.3741,1.3747,1.3507,1.3515,0
2023-04-02,1.3518,1.3537,1.3406,1.3507,0
2023-04-09,1.3523,1.3555,1.3302,1.3361,0
2023-04-16,1.3362,1.3564,1.3341,1.3539,0
2023-04-23,1.3542,1.3669,1.3522,1.355,0
2023-04-30,1.3544,1.3641,1.337,1.3373,0
2023-05-07,1.3384,1.3566,1.3314,1.3548,0
2023-05-14,1.3563,1.3569,1.3404,1.3498,0
2023-05-21,1.3499,1.3656,1.3484,1.3613,0
2023-05-28,1.3602,1.3653,1.3406,1.3423,0
2023-06-04,1.3432,1.3463,1.3312,1.3341,-1
2023-06-11,1.3341,1.3385,1.3177,1.3198,-1
2023-06-18,1.3204,1.3271,1.3138,1.3181,-1
2023-06-25,1.3183,1.3287,1.3116,1.3236,0
2023-07-02,1.3242,1.3389,1.3203,1.3271,0
2023-07-09,1.3273,1.3305,1.3091,1.3216,-1
2023-07-16,1.3215,1.3244,1.3118,1.3222,0
2023-07-23,1.322,1.3255,1.3147,1.3253,0
2023-07-30,1.3233,1.3395,1.3151,1.3373,0
2023-08-06,1.3372,1.3503,1.3355,1.3438,0
2023-08-13,1.3436,1.3576,1.3433,1.3552,1
2023-08-20,1.3549,1.3641,1.3495,1.3602,1
2023-08-27,1.3601,1.3638,1.3489,1.3594,0
2023-09-03,1.3599,1.3696,1.3575,1.364,1
2023-09-11,1.3627,1.36338,1.3493,1.3534,0
2023-09-18,1.35219,1.3527,1.33876,1.3481,0
